date,symbol,sector,action,price,shares,notional,realized_pnl,cumulative_realized_pnl,avg_cost_per_share,position_shares_after,position_value_after,cash_after,equity_after
2022-08-12,KRSB,Electric Power,init,7.66,65274,500000.0,0.0,0.0,0.0,65274,500000.0,500000.0,1000000.0
2022-08-22,KRSB,Electric Power,sell,8.08,653,5274.15,0.0,0.0,0.0,64621,522140.99,505274.15,1027415.14
2022-08-23,KRSB,Electric Power,sell,8.36,646,5402.35,0.0,0.0,0.0,63975,534832.64,510676.5,1045509.14
2022-09-09,KRSB,Electric Power,sell,8.13,640,5201.18,0.0,0.0,0.0,63335,514917.16,515877.68,1030794.84
2022-09-20,KRSB,Electric Power,buy,7.57,13630,103175.54,0.0,0.0,7.57,76965,582624.85,412702.15,995326.99
2022-09-21,KRSB,Electric Power,buy,7.39,11169,82540.43,0.0,0.0,7.49,88134,651311.58,330161.72,981473.3
2022-09-22,KRSB,Electric Power,buy,7.25,9108,66032.34,0.0,0.0,7.43,97242,705005.14,264129.37,969134.51
2022-09-23,KRSB,Electric Power,buy,7.21,7327,52825.87,0.0,0.0,7.39,104569,753941.33,211303.5,965244.83
2022-09-26,KRSB,Electric Power,buy,7.01,6029,42260.7,0.0,0.0,7.34,110597,775288.26,169042.8,944331.06
2022-09-27,KRSB,Electric Power,buy,7.04,4802,33808.56,0.0,0.0,7.31,115400,812414.75,135234.24,947648.99
2022-09-29,KRSB,Electric Power,buy,7.01,3858,27046.85,0.0,0.0,7.29,119258,835999.6,108187.39,944186.99
2022-09-30,KRSB,Electric Power,buy,7.0,3091,21637.48,0.0,0.0,7.28,122349,856444.5,86549.91,942994.41
2022-10-10,KRSB,Electric Power,sell,7.36,1223,9004.9,102.11,102.11,7.28,121126,891485.31,95554.82,987040.13
2022-10-14,KRSB,Electric Power,sell,7.34,1211,8890.63,76.89,179.0,7.28,119914,880172.17,104445.44,984617.61
2022-10-17,KRSB,Electric Power,sell,7.4,1199,8873.67,148.06,327.05,7.28,118715,878493.37,113319.11,991812.48
2022-10-19,KRSB,Electric Power,sell,7.51,1187,8915.52,277.13,604.19,7.28,117528,882636.53,122234.63,1004871.17
2022-10-21,KRSB,Electric Power,sell,7.54,1175,8861.62,309.58,913.77,7.28,116353,877300.75,131096.26,1008397.01
2022-10-24,KRSB,Electric Power,sell,7.66,1164,8912.63,446.35,1360.11,7.28,115189,882350.47,140008.89,1022359.36
2022-10-25,KRSB,Electric Power,sell,7.83,1152,9019.33,637.57,1997.68,7.28,114037,892913.33,149028.22,1041941.55
2022-10-26,KRSB,Electric Power,sell,7.85,1140,8951.94,653.72,2651.4,7.28,112897,886242.14,157980.16,1044222.3
2022-10-27,KRSB,Electric Power,sell,7.89,1129,8907.58,692.57,3343.97,7.28,111768,881850.44,166887.74,1048738.18
2022-10-28,KRSB,Electric Power,sell,8.0,1118,8941.45,808.79,4152.76,7.28,110650,885203.49,175829.19,1061032.67
2022-10-31,KRSB,Electric Power,sell,8.14,1107,9006.95,955.8,5108.56,7.28,109544,891687.6,184836.13,1076523.74
2022-11-01,KRSB,Electric Power,sell,8.24,1095,9026.42,1054.92,6163.48,7.28,108448,893615.58,193862.55,1087478.13
2022-11-02,KRSB,Electric Power,sell,8.27,1084,8968.69,1076.84,7240.33,7.28,107364,887900.34,202831.24,1090731.58
2022-11-03,KRSB,Electric Power,sell,8.3,1074,8911.21,1099.13,8339.45,7.28,106290,882210.05,211742.45,1093952.5
2022-11-07,KRSB,Electric Power,sell,8.2,1063,8715.81,981.58,9321.03,7.28,105227,862865.2,220458.26,1083323.47
2022-11-08,KRSB,Electric Power,sell,8.28,1052,8712.83,1055.57,10376.61,7.28,104175,862570.57,229171.1,1091741.66
2022-11-09,KRSB,Electric Power,sell,8.33,1042,8677.79,1097.63,11474.24,7.28,103133,859101.53,237848.89,1096950.42
2022-11-11,KRSB,Electric Power,sell,8.34,1031,8601.33,1096.36,12570.6,7.28,102102,851531.54,246450.22,1097981.76
2022-11-28,KRSB,Electric Power,sell,8.43,1021,8607.21,1177.6,13748.2,7.28,101081,852113.52,255057.43,1107170.95
2022-11-29,KRSB,Electric Power,sell,8.6,1011,8692.97,1337.92,15086.12,7.28,100070,860604.33,263750.4,1124354.73
2022-12-12,KRSB,Electric Power,sell,8.49,1001,8495.97,1214.59,16300.71,7.28,99070,841100.63,272246.37,1113347.0
2022-12-13,KRSB,Electric Power,sell,8.52,991,8440.73,1232.18,17532.9,7.28,98079,835631.99,280687.09,1116319.09
2022-12-21,KRSB,Electric Power,sell,8.66,981,8493.63,1357.08,18889.97,7.28,97098,840869.41,289180.72,1130050.13
2022-12-29,KRSB,Electric Power,sell,8.62,971,8369.85,1304.41,20194.38,7.28,96127,828615.63,297550.58,1126166.21
2022-12-30,KRSB,Electric Power,sell,8.7,961,8363.06,1367.84,21562.22,7.28,95166,827942.74,305913.64,1133856.38
2023-01-03,KRSB,Electric Power,sell,8.8,952,8374.59,1450.22,23012.45,7.28,94214,829084.73,314288.23,1143372.96
2023-01-09,KRSB,Electric Power,sell,8.84,942,8328.53,1472.67,24485.11,7.28,93272,824524.76,322616.76,1147141.53
2023-01-10,KRSB,Electric Power,sell,8.88,933,8282.56,1495.91,25981.03,7.28,92339,819973.09,330899.32,1150872.41
2023-01-11,KRSB,Electric Power,sell,9.15,923,8449.05,1729.07,27710.09,7.28,91416,836455.65,339348.37,1175804.02
2023-01-12,KRSB,Electric Power,sell,9.07,914,8291.42,1639.09,29349.19,7.28,90502,820850.96,347639.79,1168490.75
2023-01-13,KRSB,Electric Power,sell,9.18,905,8308.06,1722.49,31071.68,7.28,89597,822498.09,355947.85,1178445.94
2023-01-16,KRSB,Electric Power,sell,9.16,896,8207.06,1687.45,32759.13,7.28,88701,812499.09,364154.91,1176654.01
2023-01-17,KRSB,Electric Power,sell,9.13,887,8098.38,1643.89,34403.01,7.28,87814,801739.69,372253.29,1173992.98
2023-01-20,KRSB,Electric Power,sell,9.2,878,8078.87,1688.66,36091.68,7.28,86936,799807.79,380332.16,1180139.95
2023-01-23,KRSB,Electric Power,sell,9.2,869,7998.08,1671.35,37763.03,7.28,86066,791809.71,388330.24,1180139.95
2023-01-27,KRSB,Electric Power,sell,9.2,861,7918.1,1655.97,39418.99,7.28,85206,783891.61,396248.34,1180139.95
2023-02-03,KRSB,Electric Power,sell,9.27,852,7898.56,1698.29,41117.28,7.28,84354,781957.44,404146.9,1186104.34
2023-02-06,KRSB,Electric Power,sell,9.43,844,7954.54,1817.37,42934.65,7.28,83510,787499.47,412101.44,1199600.91
2023-02-07,KRSB,Electric Power,sell,9.38,835,7833.24,1756.24,44690.9,7.28,82675,775490.73,419934.68,1195425.41
2023-02-09,KRSB,Electric Power,sell,9.5,827,7854.12,1838.65,46529.55,7.28,81848,777557.6,427788.79,1205346.4
2023-02-13,KRSB,Electric Power,sell,9.7,818,7939.27,1982.22,48511.77,7.28,81030,785987.97,435728.07,1221716.03
2023-02-17,KRSB,Electric Power,buy,9.14,9535,87145.61,0.0,48511.77,7.93,90564,827756.95,348582.45,1176339.41
2023-02-20,KRSB,Electric Power,buy,9.13,7636,69716.49,0.0,48511.77,8.19,98200,896567.8,278865.96,1175433.76
2023-03-01,KRSB,Electric Power,sell,9.5,982,9329.02,1283.39,49795.16,8.19,97218,923572.86,288194.98,1211767.84
2023-03-03,KRSB,Electric Power,sell,9.7,972,9430.16,1464.7,51259.86,8.19,96246,933586.33,297625.15,1231211.48
2023-03-06,KRSB,Electric Power,sell,9.7,962,9335.86,1449.63,52709.49,8.19,95284,924250.47,306961.01,1231211.48
2023-03-07,KRSB,Electric Power,sell,9.89,953,9423.54,1617.12,54326.61,8.19,94331,932930.8,316384.55,1249315.35
2023-03-09,KRSB,Electric Power,sell,9.92,943,9357.61,1628.44,55955.04,8.19,93387,926403.11,325742.16,1252145.27
2023-03-10,KRSB,Electric Power,sell,9.98,934,9320.06,1668.93,57623.97,8.19,92454,922686.29,335062.22,1257748.52
2023-03-16,KRSB,Electric Power,buy,9.62,6966,67012.44,0.0,57623.97,8.47,99419,956415.47,268049.78,1224465.24
2023-03-23,KRSB,Electric Power,sell,10.0,994,9941.95,1521.86,59145.83,8.47,98425,984252.92,277991.73,1262244.65
2023-03-24,KRSB,Electric Power,sell,10.11,984,9950.8,1614.78,60760.61,8.47,97441,985128.91,287942.52,1273071.43
2023-03-27,KRSB,Electric Power,sell,10.12,974,9861.03,1608.1,62368.71,8.47,96467,976242.28,297803.56,1274045.84
2023-03-28,KRSB,Electric Power,sell,10.36,965,9993.94,1824.82,64193.53,8.47,95502,989400.33,307797.5,1297197.83
2023-03-29,KRSB,Electric Power,sell,10.37,955,9903.55,1815.46,66008.99,8.47,94547,980451.8,317701.05,1298152.85
2023-03-30,KRSB,Electric Power,sell,10.35,945,9785.61,1777.55,67786.55,8.47,93601,968775.25,327486.66,1296261.91
2023-03-31,KRSB,Electric Power,sell,10.45,936,9781.35,1854.21,69640.76,8.47,92665,968354.04,337268.02,1305622.06
2023-04-03,KRSB,Electric Power,sell,10.79,927,9998.6,2151.53,71792.3,8.47,91739,989861.7,347266.62,1337128.32
2023-04-04,KRSB,Electric Power,sell,10.91,917,10008.7,2238.35,74030.65,8.47,90821,990861.65,357275.32,1348136.97
2023-04-05,KRSB,Electric Power,sell,11.15,908,10126.59,2434.28,76464.93,8.47,89913,1002532.2,367401.91,1369934.11
2023-04-06,KRSB,Electric Power,sell,11.23,899,10097.25,2482.07,78947.0,8.47,89014,999628.01,377499.16,1377127.17
2023-04-07,KRSB,Electric Power,sell,11.86,890,10557.07,3017.86,81964.86,8.47,88124,1045149.8,388056.23,1433206.03
2023-04-10,KRSB,Electric Power,sell,12.67,881,11165.3,3700.88,85665.74,8.47,87243,1105364.88,399221.53,1504586.42
2023-04-11,KRSB,Electric Power,sell,13.28,872,11585.83,4194.94,89860.69,8.47,86370,1146997.09,410807.36,1557804.46
2023-04-12,KRSB,Electric Power,sell,12.78,864,11038.12,3724.5,93585.19,8.47,85507,1092773.84,421845.48,1514619.33
2023-04-13,KRSB,Electric Power,sell,12.44,855,10637.02,3395.03,96980.22,8.47,84651,1053064.6,432482.5,1485547.09
2023-04-17,KRSB,Electric Power,sell,12.75,847,10793.07,3625.81,100606.03,8.47,83805,1068513.49,443275.56,1511789.06
2023-04-18,KRSB,Electric Power,sell,12.84,838,10760.56,3662.7,104268.73,8.47,82967,1065295.38,454036.12,1519331.51
2023-04-25,KRSB,Electric Power,sell,13.02,830,10802.29,3777.12,108045.84,8.47,82137,1069427.14,464838.42,1534265.55
2023-04-26,KRSB,Electric Power,sell,13.33,821,10948.9,3990.64,112036.49,8.47,81316,1083940.79,475787.31,1559728.1
2023-04-27,KRSB,Electric Power,sell,14.05,813,11424.88,4537.06,116573.55,8.47,80503,1131063.35,487212.2,1618275.54
2023-04-28,KRSB,Electric Power,sell,13.85,805,11149.63,4331.43,120904.98,8.47,79698,1103813.17,498361.83,1602175.0
2023-05-02,KRSB,Electric Power,sell,14.3,797,11396.77,4647.0,125551.97,8.47,78901,1128280.37,509758.6,1638038.96
2023-05-03,KRSB,Electric Power,sell,14.34,789,11314.36,4631.91,130183.89,8.47,78112,1120122.03,521072.96,1641194.99
2023-05-04,KRSB,Electric Power,sell,14.01,781,10943.45,4327.24,134511.13,8.47,77331,1083401.71,532016.41,1615418.13
2023-05-10,KRSB,Electric Power,sell,14.63,773,11313.47,4762.13,139273.26,8.47,76557,1120033.22,543329.88,1663363.1
2023-05-11,KRSB,Electric Power,sell,14.96,766,11452.97,4971.76,144245.01,8.47,75792,1133844.16,554782.85,1688627.01
2023-05-12,KRSB,Electric Power,sell,14.96,758,11338.44,4919.83,149164.85,8.47,75034,1122505.71,566121.29,1688627.01
2023-05-15,KRSB,Electric Power,sell,14.84,750,11135.02,4777.92,153942.77,8.47,74283,1102366.64,577256.31,1679622.95
2023-05-16,KRSB,Electric Power,sell,14.96,743,11112.81,4822.48,158765.24,8.47,73541,1100167.85,588369.12,1688536.97
2023-05-17,KRSB,Electric Power,sell,14.99,735,11023.74,4792.6,163557.84,8.47,72805,1091350.33,599392.86,1690743.18
2023-05-18,KRSB,Electric Power,sell,15.11,728,11000.87,4834.31,168392.15,8.47,72077,1089086.09,610393.73,1699479.81
2023-05-19,KRSB,Electric Power,sell,15.12,721,10898.07,4795.03,173187.18,8.47,71356,1078908.79,621291.79,1700200.58
2023-05-22,KRSB,Electric Power,sell,15.06,714,10746.27,4705.64,177892.83,8.47,70643,1063881.13,632038.07,1695919.2
2023-05-24,KRSB,Electric Power,sell,15.27,706,10787.16,4801.16,182693.99,8.47,69936,1067928.97,642825.23,1710754.19
2023-05-25,KRSB,Electric Power,sell,15.22,699,10644.32,4718.61,187412.61,8.47,69237,1053787.82,653469.55,1707257.37
2023-05-31,KRSB,Electric Power,buy,14.1,9269,130693.91,0.0,187412.61,11.91,78506,1106936.24,522775.64,1629711.88
2023-06-01,KRSB,Electric Power,buy,13.18,7933,104555.13,0.0,187412.61,12.35,86439,1139265.74,418220.51,1557486.26
2023-06-02,KRSB,Electric Power,buy,13.01,6429,83644.1,0.0,187412.61,12.49,92868,1208215.22,334576.41,1542791.63
2023-06-05,KRSB,Electric Power,buy,13.02,5139,66915.28,0.0,187412.61,12.57,98008,1276059.18,267661.13,1543720.31
2023-06-06,KRSB,Electric Power,buy,13.09,4090,53532.23,0.0,187412.61,12.62,102097,1336451.94,214128.9,1550580.85
2023-06-14,KRSB,Electric Power,sell,13.87,1021,14160.88,1270.42,188683.02,12.62,101076,1401926.86,228289.78,1630216.64
2023-06-15,KRSB,Electric Power,sell,13.92,1011,14069.81,1308.52,189991.54,12.62,100065,1392910.86,242359.59,1635270.45
2023-06-16,KRSB,Electric Power,sell,14.0,1001,14009.16,1375.65,191367.19,12.62,99065,1386906.93,256368.75,1643275.68
2023-06-19,KRSB,Electric Power,sell,14.19,991,14057.29,1550.17,192917.36,12.62,98074,1391671.95,270426.04,1662097.99
2023-06-20,KRSB,Electric Power,sell,14.8,981,14514.97,2132.88,195050.24,12.62,97093,1436982.2,284941.01,1721923.21
2023-06-21,KRSB,Electric Power,sell,14.66,971,14233.89,1975.21,197025.46,12.62,96122,1409155.23,299174.9,1708330.14
2023-06-28,KRSB,Electric Power,sell,14.74,961,14168.45,2031.74,199057.2,12.62,95161,1402676.58,313343.35,1716019.93
2023-06-29,KRSB,Electric Power,sell,14.8,952,14083.86,2069.83,201127.03,12.62,94210,1394302.39,327427.22,1721729.61
2023-07-13,KRSB,Electric Power,sell,14.81,942,13952.44,2057.51,203184.54,12.62,93268,1381292.04,341379.66,1722671.7
2023-07-14,KRSB,Electric Power,sell,15.06,933,14046.09,2271.08,205455.62,12.62,92335,1390562.84,355425.75,1745988.58
2023-07-17,KRSB,Electric Power,sell,15.19,923,14025.66,2366.71,207822.33,12.62,91412,1388540.7,369451.41,1757992.12
2023-07-18,KRSB,Electric Power,sell,15.44,914,14113.94,2572.11,210394.44,12.62,90497,1397279.64,383565.35,1780844.99
2023-07-19,KRSB,Electric Power,sell,16.4,905,14841.57,3415.5,213809.94,12.62,89592,1469315.56,398406.92,1867722.48
2023-07-20,KRSB,Electric Power,sell,16.14,896,14460.22,3148.6,216958.54,12.62,88696,1431561.32,412867.14,1844428.45
2023-07-21,KRSB,Electric Power,sell,16.39,887,14537.35,3338.7,220297.24,12.62,87810,1439198.09,427404.49,1866602.58
2023-07-24,KRSB,Electric Power,sell,16.61,878,14585.16,3497.96,223795.2,12.62,86931,1443931.02,441989.65,1885920.67
2023-07-25,KRSB,Electric Power,sell,16.78,869,14587.09,3609.82,227405.02,12.62,86062,1444122.27,456576.75,1900699.01
2023-07-26,KRSB,Electric Power,sell,16.86,861,14510.07,3645.46,231050.48,12.62,85201,1436497.17,471086.82,1907583.98
2023-07-27,KRSB,Electric Power,sell,17.11,852,14577.98,3820.33,234870.81,12.62,84349,1443219.56,485664.79,1928884.36
2023-07-28,KRSB,Electric Power,sell,17.54,843,14794.9,4142.43,239013.25,12.62,83506,1464694.94,500459.69,1965154.63
2023-07-31,KRSB,Electric Power,sell,17.62,835,14713.75,4169.91,243183.16,12.62,82671,1456661.66,515173.45,1971835.11
2023-08-01,KRSB,Electric Power,sell,19.1,827,15790.15,5353.8,248536.96,12.62,81844,1563224.48,530963.59,2094188.08
2023-08-02,KRSB,Electric Power,sell,18.99,818,15542.22,5205.57,253742.53,12.62,81026,1538679.4,546505.81,2085185.21
2023-08-03,KRSB,Electric Power,sell,18.85,810,15273.36,5041.27,258783.8,12.62,80216,1512062.44,561779.17,2073841.6
2023-08-04,KRSB,Electric Power,sell,18.69,802,14992.28,4863.17,263646.97,12.62,79413,1484235.68,576771.45,2061007.12
2023-08-07,KRSB,Electric Power,sell,20.67,794,16414.74,6386.62,270033.59,12.62,78619,1625059.39,593186.19,2218245.57
2023-08-08,KRSB,Electric Power,sell,25.3,786,19890.66,9961.09,279994.68,12.62,77833,1969175.73,613076.85,2582252.59
2023-08-09,KRSB,Electric Power,sell,27.7,778,21559.75,11726.72,291721.4,12.62,77055,2134415.26,634636.6,2769051.87
2023-08-16,KRSB,Electric Power,buy,20.22,6277,126927.32,0.0,291721.4,15.01,83332,1684973.41,507709.28,2192682.69
2023-08-17,KRSB,Electric Power,buy,19.75,5141,101541.86,0.0,291721.4,15.98,88473,1747349.22,406167.42,2153516.64
2023-08-21,KRSB,Electric Power,sell,24.5,885,21675.98,7539.24,299260.64,15.98,87589,2145921.78,427843.4,2573765.19
2023-08-22,KRSB,Electric Power,sell,24.4,876,21371.63,7374.98,306635.62,15.98,86713,2115791.29,449215.03,2565006.32
2023-08-28,KRSB,Electric Power,sell,24.6,867,21331.34,7472.59,314108.21,15.98,85846,2111802.5,470546.37,2582348.87
2023-08-29,KRSB,Electric Power,sell,24.53,858,21057.93,7334.97,321443.18,15.98,84987,2084735.38,491604.3,2576339.68
2023-09-07,KRSB,Electric Power,buy,23.0,4275,98320.86,0.0,321443.18,17.14,89262,2053025.86,393283.44,2446309.3
2023-09-08,KRSB,Electric Power,buy,22.0,3575,78656.69,0.0,321443.18,17.73,92837,2042420.56,314626.75,2357047.31
2023-09-11,KRSB,Electric Power,buy,22.18,2837,62925.35,0.0,321443.18,18.12,95674,2122056.62,251701.4,2373758.02
2023-09-14,KRSB,Electric Power,buy,20.89,2410,50340.28,0.0,321443.18,18.31,98084,2048977.02,201361.12,2250338.14
2023-09-18,KRSB,Electric Power,buy,20.84,1932,40272.22,0.0,321443.18,18.44,100017,2084345.03,161088.9,2245433.93
2023-09-19,KRSB,Electric Power,buy,19.7,1635,32217.78,0.0,321443.18,18.5,101652,2002543.94,128871.12,2131415.06
2023-09-20,KRSB,Electric Power,buy,18.52,1392,25774.22,0.0,321443.18,18.5,103044,1908368.83,103096.89,2011465.73
2023-09-21,KRSB,Electric Power,buy,18.07,1141,20619.38,0.0,321443.18,18.49,104185,1882618.56,82477.52,1965096.07
2023-09-22,KRSB,Electric Power,buy,18.77,879,16495.5,0.0,321443.18,18.49,105064,1972043.39,65982.01,2038025.4
2023-09-29,KRSB,Electric Power,sell,20.15,1051,21170.31,1740.91,323184.09,18.49,104013,2095860.82,87152.32,2183013.14
2023-10-02,KRSB,Electric Power,sell,20.49,1040,21312.25,2076.26,325260.35,18.49,102973,2109912.97,108464.58,2218377.54
2023-10-05,KRSB,Electric Power,sell,20.55,1030,21160.91,2118.09,327378.44,18.49,101943,2094930.42,129625.49,2224555.91
2023-10-06,KRSB,Electric Power,sell,20.9,1019,21306.11,2452.08,329830.52,18.49,100924,2109304.4,150931.59,2260235.99
2023-10-17,KRSB,Electric Power,sell,20.55,1009,20739.81,2074.9,331905.42,18.49,99914,2053241.31,171671.41,2224912.71
2023-10-18,KRSB,Electric Power,sell,21.19,999,21171.87,2693.64,334599.06,18.49,98915,2096014.67,192843.27,2288857.94
2023-10-19,KRSB,Electric Power,sell,21.24,989,21009.6,2716.12,337315.17,18.49,97926,2079950.83,213852.88,2293803.71
2023-10-27,KRSB,Electric Power,sell,21.24,979,20799.51,2688.65,340003.83,18.49,96947,2059151.32,234652.38,2293803.71
2023-10-31,KRSB,Electric Power,buy,20.2,2323,46930.48,0.0,340003.83,18.6,99270,2005257.06,187721.91,2192978.97
2023-11-02,KRSB,Electric Power,buy,20.14,1864,37544.38,0.0,340003.83,18.68,101134,2036845.24,150177.53,2187022.76
2023-11-03,KRSB,Electric Power,buy,19.7,1525,30035.51,0.0,340003.83,18.72,102659,2022381.64,120142.02,2142523.66
2023-11-06,KRSB,Electric Power,buy,19.5,1232,24028.4,0.0,340003.83,18.74,103891,2025878.25,96113.62,2121991.87
2023-11-07,KRSB,Electric Power,buy,19.5,986,19222.72,0.0,340003.83,18.76,104877,2045100.97,76890.89,2121991.87
2023-11-08,KRSB,Electric Power,buy,19.32,796,15378.18,0.0,340003.83,18.77,105673,2041601.3,61512.71,2103114.01
2023-11-09,KRSB,Electric Power,buy,19.18,641,12302.54,0.0,340003.83,18.78,106314,2039109.63,49210.17,2088319.8
2023-11-10,KRSB,Electric Power,buy,17.92,549,9842.03,0.0,340003.83,18.77,106864,1914995.55,39368.14,1954363.69
2023-11-13,KRSB,Electric Power,buy,16.72,471,7873.63,0.0,340003.83,18.74,107334,1794632.87,31494.51,1826127.38
2023-11-14,KRSB,Electric Power,buy,15.98,394,6298.9,0.0,340003.83,18.72,107729,1721504.24,25195.61,1746699.85
2023-11-15,KRSB,Electric Power,buy,16.86,299,5039.12,0.0,340003.83,18.71,108028,1821344.6,20156.49,1841501.09
2023-11-23,KRSB,Electric Power,buy,16.8,240,4031.3,0.0,340003.83,18.7,108268,1818894.24,16125.19,1835019.43
2023-11-24,KRSB,Electric Power,buy,16.52,195,3225.04,0.0,340003.83,18.69,108463,1791804.38,12900.15,1804704.53
2023-11-30,KRSB,Electric Power,buy,16.62,155,2580.03,0.0,340003.83,18.68,108618,1805230.68,10320.12,1815550.8
2023-12-01,KRSB,Electric Power,buy,16.4,126,2064.02,0.0,340003.83,18.67,108744,1783398.75,8256.1,1791654.85
2023-12-04,KRSB,Electric Power,buy,15.76,105,1651.22,0.0,340003.83,18.67,108849,1715453.92,6604.88,1722058.8
2023-12-05,KRSB,Electric Power,buy,15.54,85,1320.98,0.0,340003.83,18.66,108934,1692828.21,5283.9,1698112.11
2023-12-06,KRSB,Electric Power,buy,15.34,69,1056.78,0.0,340003.83,18.66,109002,1672098.27,4227.12,1676325.39
2023-12-07,KRSB,Electric Power,buy,15.12,56,845.42,0.0,340003.83,18.65,109058,1648963.14,3381.7,1652344.84
2023-12-08,KRSB,Electric Power,buy,14.98,45,676.34,0.0,340003.83,18.65,109104,1634371.3,2705.36,1637076.66
2023-12-11,KRSB,Electric Power,buy,14.24,38,541.07,0.0,340003.83,18.64,109142,1554175.74,2164.29,1556340.03
2023-12-12,KRSB,Electric Power,buy,14.5,30,432.86,0.0,340003.83,18.64,109171,1582985.4,1731.43,1584716.83
2023-12-18,KRSB,Electric Power,sell,16.3,1092,17794.94,-2559.14,337444.69,18.64,108080,1761699.0,19526.37,1781225.36
2023-12-19,KRSB,Electric Power,sell,16.58,1081,17919.61,-2230.71,335213.98,18.64,106999,1774041.7,37445.98,1811487.68
2023-12-20,KRSB,Electric Power,sell,16.9,1070,18082.81,-1865.64,333348.34,18.64,105929,1790198.53,55528.79,1845727.33
2023-12-21,KRSB,Electric Power,sell,16.92,1059,17923.17,-1825.29,331523.05,18.64,104870,1774393.94,73451.97,1847845.9
2023-12-22,KRSB,Electric Power,sell,16.92,1049,17743.94,-1808.05,329715.0,18.64,103821,1756650.0,91195.91,1847845.9
2023-12-28,KRSB,Electric Power,buy,16.24,1123,18239.18,0.0,329715.0,18.58,104944,1704290.95,72956.72,1777247.68
2024-01-04,KRSB,Electric Power,sell,17.16,1049,18008.39,-1488.36,328226.63,18.58,103895,1782831.06,90965.12,1873796.18
2024-01-05,KRSB,Electric Power,sell,17.64,1039,18327.0,-975.51,327251.13,18.58,102856,1814373.46,109292.12,1923665.58
2024-01-08,KRSB,Electric Power,sell,18.32,1029,18843.15,-266.47,326984.66,18.58,101827,1865472.14,128135.28,1993607.41
2024-01-09,KRSB,Electric Power,sell,18.46,1018,18797.28,-121.11,326863.54,18.58,100809,1860930.65,146932.56,2007863.2
2024-01-10,KRSB,Electric Power,sell,18.34,1008,18488.34,-240.87,326622.67,18.58,99801,1830345.26,165420.89,1995766.15
2024-01-11,KRSB,Electric Power,sell,18.62,998,18582.89,40.93,326663.6,18.58,98803,1839706.56,184003.79,2023710.35
2024-01-12,KRSB,Electric Power,sell,18.48,988,18258.74,-97.79,326565.82,18.58,97815,1807615.44,202262.53,2009877.97
2024-01-15,KRSB,Electric Power,sell,19.3,978,18878.23,705.08,327270.9,18.58,96837,1868945.25,221140.76,2090086.01
2024-01-16,KRSB,Electric Power,sell,18.98,968,18379.58,388.15,327659.05,18.58,95868,1819577.98,239520.34,2059098.32
2024-01-17,KRSB,Electric Power,sell,19.0,959,18214.95,403.71,328062.76,18.58,94909,1803280.39,257735.29,2061015.68
2024-01-18,KRSB,Electric Power,sell,19.18,949,18203.64,570.31,328633.07,18.58,93960,1802160.46,275938.93,2078099.39
2024-01-22,KRSB,Electric Power,sell,19.22,940,18059.19,602.5,329235.56,18.58,93021,1787859.69,293998.12,2081857.81
2024-01-23,KRSB,Electric Power,sell,19.6,930,18232.08,949.45,330185.01,18.58,92091,1804975.51,312230.2,2117205.71
2024-01-24,KRSB,Electric Power,sell,19.98,921,18399.7,1290.21,331475.22,18.58,91170,1821570.24,330629.9,2152200.13
2024-01-25,KRSB,Electric Power,sell,19.72,912,17978.66,1040.5,332515.72,18.58,90258,1779887.46,348608.56,2128496.02
2024-01-26,KRSB,Electric Power,sell,20.14,903,18177.96,1409.46,333925.18,18.58,89355,1799617.85,366786.52,2166404.37
2024-01-29,KRSB,Electric Power,sell,20.02,894,17888.95,1288.14,335213.32,18.58,88462,1771006.25,384675.47,2155681.72
2024-02-01,KRSB,Electric Power,buy,19.3,3986,76935.09,0.0,335213.32,18.68,92448,1784248.82,307740.37,2091989.19
2024-02-07,KRSB,Electric Power,buy,19.1,3222,61548.07,0.0,335213.32,18.72,95671,1827307.27,246192.3,2073499.56
2024-02-09,KRSB,Electric Power,buy,18.46,2667,49238.46,0.0,335213.32,18.7,98338,1815316.58,196953.84,2012270.42
2024-02-12,KRSB,Electric Power,buy,18.26,2157,39390.77,0.0,335213.32,18.67,100495,1835039.78,157563.07,1992602.85
2024-02-21,KRSB,Electric Power,buy,17.58,1793,31512.61,0.0,335213.32,18.62,102288,1798215.75,126050.46,1924266.21
2024-03-12,KRSB,Electric Power,sell,19.16,1023,19598.3,546.85,335760.17,18.62,101265,1940231.84,145648.76,2085880.6
2024-03-13,KRSB,Electric Power,sell,19.58,1013,19827.63,966.92,336727.09,18.62,100252,1962935.39,165476.39,2128411.78
2024-03-26,KRSB,Electric Power,sell,20.02,1003,20070.46,1398.65,338125.74,18.62,99250,1986975.83,185546.85,2172522.68
2024-03-27,KRSB,Electric Power,sell,20.04,992,19889.61,1403.15,339528.89,18.62,98257,1969071.21,205436.46,2174507.67
2024-03-29,KRSB,Electric Power,sell,20.0,983,19651.41,1351.1,340879.99,18.62,97274,1945489.52,225087.87,2170577.39
2024-04-08,KRSB,Electric Power,sell,19.9,973,19357.62,1240.07,342120.06,18.62,96302,1916404.45,244445.49,2160849.94
2024-04-09,KRSB,Electric Power,sell,20.02,963,19279.61,1342.87,343462.93,18.62,95339,1908681.06,263725.1,2172406.15
2024-04-11,KRSB,Electric Power,sell,20.32,953,19372.83,1614.8,345077.73,18.62,94385,1917909.84,283097.92,2201007.77
2024-04-12,KRSB,Electric Power,sell,20.6,944,19443.38,1863.84,346941.57,18.62,93441,1924894.36,302541.3,2227435.66
2024-04-15,KRSB,Electric Power,sell,20.8,934,19435.83,2030.88,348972.45,18.62,92507,1924146.83,321977.13,2246123.95
2024-04-16,KRSB,Electric Power,sell,20.66,925,19111.96,1881.82,350854.27,18.62,91582,1892083.88,341089.09,2233172.96
2024-04-18,KRSB,Electric Power,sell,20.68,916,18939.16,1881.83,352736.1,18.62,90666,1874976.36,360028.24,2235004.6
2024-04-22,KRSB,Electric Power,sell,20.82,907,18876.7,1990.31,354726.41,18.62,89760,1868792.93,378904.94,2247697.87
2024-04-25,KRSB,Electric Power,buy,19.7,3847,75780.99,0.0,354726.41,18.76,93606,1844043.27,303123.95,2147167.22
2024-04-26,KRSB,Electric Power,buy,19.78,3065,60624.79,0.0,354726.41,18.85,96671,1912156.56,242499.16,2154655.72
2024-04-27,KRSB,Electric Power,buy,19.7,2462,48499.83,0.0,354726.41,18.91,99133,1952922.7,193999.33,2146922.02
2024-05-02,KRSB,Electric Power,buy,19.58,1982,38799.87,0.0,354726.41,18.95,101115,1979826.59,155199.46,2135026.05
2024-05-13,KRSB,Electric Power,buy,19.16,1620,31039.89,0.0,354726.41,18.96,102735,1968398.29,124159.57,2092557.86
2024-05-14,KRSB,Electric Power,buy,19.2,1293,24831.91,0.0,354726.41,18.96,104028,1997339.59,99327.66,2096667.25
2024-05-15,KRSB,Electric Power,buy,18.78,1058,19865.53,0.0,354726.41,18.96,105086,1973513.32,79462.12,2052975.45
2024-05-16,KRSB,Electric Power,buy,18.46,861,15892.42,0.0,354726.41,18.95,105947,1955778.26,63569.7,2019347.96
2024-05-17,KRSB,Electric Power,buy,18.66,681,12713.94,0.0,354726.41,18.95,106628,1989681.56,50855.76,2040537.32
2024-05-20,KRSB,Electric Power,buy,18.56,548,10171.15,0.0,354726.41,18.94,107176,1989189.89,40684.61,2029874.5
2024-05-21,KRSB,Electric Power,buy,18.4,442,8136.92,0.0,354726.41,18.94,107618,1980178.63,32547.69,2012726.31
2024-05-22,KRSB,Electric Power,buy,18.28,356,6509.54,0.0,354726.41,18.93,107975,1973773.96,26038.15,1999812.1
2024-05-23,KRSB,Electric Power,buy,18.18,286,5207.63,0.0,354726.41,18.93,108261,1968184.14,20830.52,1989014.65
2024-05-27,KRSB,Electric Power,buy,17.6,237,4166.1,0.0,354726.41,18.92,108498,1909558.89,16664.42,1926223.3
2024-05-28,KRSB,Electric Power,buy,17.4,192,3332.88,0.0,354726.41,18.91,108689,1891192.24,13331.53,1904523.77
2024-05-29,KRSB,Electric Power,buy,17.28,154,2666.31,0.0,354726.41,18.91,108844,1880815.84,10665.23,1891481.06
2024-05-30,KRSB,Electric Power,buy,16.88,126,2133.05,0.0,354726.41,18.9,108970,1839411.48,8532.18,1847943.66
2024-05-31,KRSB,Electric Power,buy,16.16,106,1706.44,0.0,354726.41,18.89,109075,1762659.61,6825.74,1769485.35
2024-06-03,KRSB,Electric Power,buy,15.38,89,1365.15,0.0,354726.41,18.89,109164,1678945.89,5460.6,1684406.48
2024-06-11,KRSB,Electric Power,buy,15.74,69,1092.12,0.0,354726.41,18.88,109234,1719337.13,4368.48,1723705.61
2024-06-13,KRSB,Electric Power,buy,15.72,56,873.7,0.0,354726.41,18.88,109289,1718026.15,3494.78,1721520.93
2024-06-19,KRSB,Electric Power,buy,14.96,47,698.96,0.0,354726.41,18.87,109336,1635665.32,2795.82,1638461.15
2024-06-25,KRSB,Electric Power,buy,15.08,37,559.16,0.0,354726.41,18.87,109373,1649344.8,2236.66,1651581.46
2024-06-27,KRSB,Electric Power,buy,15.06,30,447.33,0.0,354726.41,18.87,109403,1647604.67,1789.33,1649394.0
2024-07-03,KRSB,Electric Power,sell,15.5,1094,16957.42,-3687.78,351038.64,18.87,108309,1678784.44,18746.75,1697531.18
2024-07-08,KRSB,Electric Power,sell,15.58,1083,16874.49,-3564.06,347474.57,18.87,107226,1670574.64,35621.24,1706195.88
2024-07-16,KRSB,Electric Power,buy,15.08,472,7124.25,0.0,347474.57,18.83,107698,1624086.09,28496.99,1652583.08
2024-07-24,KRSB,Electric Power,sell,15.52,1077,16714.73,-3565.53,343909.04,18.83,106621,1654758.49,45211.72,1699970.21
2024-07-25,KRSB,Electric Power,sell,15.58,1066,16611.56,-3465.16,340443.89,18.83,105555,1644544.19,61823.28,1706367.47
2024-07-26,KRSB,Electric Power,sell,15.58,1056,16445.44,-3432.65,337011.23,18.83,104499,1628098.75,78268.72,1706367.47
2024-08-02,KRSB,Electric Power,buy,15.08,1038,15653.74,0.0,337011.23,18.74,105537,1591502.86,62614.98,1654117.84
2024-08-05,KRSB,Electric Power,buy,14.9,840,12523.0,0.0,337011.23,18.66,106378,1585029.13,50091.98,1635121.12
2024-08-13,KRSB,Electric Power,sell,15.28,1064,16254.53,-3600.11,333411.12,18.66,105314,1609198.17,66346.51,1675544.68
2024-08-14,KRSB,Electric Power,sell,15.36,1053,16176.23,-3478.66,329932.46,18.66,104261,1601447.06,82522.74,1683969.8
2024-08-15,KRSB,Electric Power,sell,15.36,1043,16014.47,-3445.63,326486.83,18.66,103218,1585432.59,98537.21,1683969.8
2024-08-20,KRSB,Electric Power,buy,14.86,1326,19707.44,0.0,326486.83,18.54,104544,1553530.9,78829.77,1632360.67
2024-08-21,KRSB,Electric Power,buy,14.88,1060,15765.95,0.0,326486.83,18.45,105604,1571387.74,63063.82,1634451.56
2024-08-22,KRSB,Electric Power,buy,14.7,858,12612.76,0.0,326486.83,18.37,106462,1564991.78,50451.05,1615442.83
2024-08-23,KRSB,Electric Power,buy,14.06,718,10090.21,0.0,326486.83,18.3,107180,1506946.29,40360.84,1547307.14
2024-08-26,KRSB,Electric Power,buy,14.3,564,8072.17,0.0,326486.83,18.25,107744,1540741.59,32288.67,1573030.26
2024-08-30,KRSB,Electric Power,buy,14.08,459,6457.73,0.0,326486.83,18.21,108203,1523495.6,25830.94,1549326.54
2024-09-02,KRSB,Electric Power,buy,13.1,394,5166.19,0.0,326486.83,18.16,108597,1422623.04,20664.75,1443287.79
2024-09-03,KRSB,Electric Power,buy,13.22,313,4132.95,0.0,326486.83,18.13,108910,1439787.65,16531.8,1456319.45
2024-09-04,KRSB,Electric Power,buy,13.22,250,3306.36,0.0,326486.83,18.1,109160,1443094.01,13225.44,1456319.45
2024-09-05,KRSB,Electric Power,buy,13.22,200,2645.09,0.0,326486.83,18.08,109360,1445739.1,10580.35,1456319.45
2024-09-06,KRSB,Electric Power,buy,13.18,161,2116.07,0.0,326486.83,18.07,109521,1443480.77,8464.28,1451945.05
2024-09-10,KRSB,Electric Power,sell,13.7,1095,15004.31,-4782.12,321704.71,18.07,108425,1485427.13,23468.6,1508895.73
2024-09-16,KRSB,Electric Power,sell,14.02,1084,15201.23,-4387.24,317317.47,18.07,107341,1504922.01,38669.83,1543591.84
2024-09-17,KRSB,Electric Power,sell,14.0,1073,15027.75,-4364.18,312953.29,18.07,106268,1487747.44,53697.58,1541445.02
2024-09-25,KRSB,Electric Power,sell,14.02,1063,14898.73,-4302.25,308651.05,18.07,105205,1474974.06,68596.31,1543570.37
2024-09-26,KRSB,Electric Power,sell,14.2,1052,14939.11,-4068.38,304582.66,18.07,104153,1478971.85,83535.42,1562507.27
2024-09-27,KRSB,Electric Power,sell,14.2,1042,14789.72,-4029.71,300552.95,18.07,103111,1464182.13,98325.14,1562507.27
2024-10-01,KRSB,Electric Power,buy,13.46,1461,19665.03,0.0,300552.95,17.9,104572,1407544.71,78660.11,1486204.82
2024-10-02,KRSB,Electric Power,buy,13.38,1176,15732.02,0.0,300552.95,17.78,105748,1414910.94,62928.09,1477839.03
2024-10-08,KRSB,Electric Power,buy,13.4,939,12585.62,0.0,300552.95,17.68,106687,1429611.52,50342.47,1479953.99
2024-10-09,KRSB,Electric Power,buy,13.24,760,10068.49,0.0,300552.95,17.61,107448,1422610.03,40273.98,1462884.0
2024-10-10,KRSB,Electric Power,buy,13.26,607,8054.8,0.0,300552.95,17.55,108055,1432813.78,32219.18,1465032.96
2024-10-11,KRSB,Electric Power,buy,13.24,487,6443.84,0.0,300552.95,17.5,108542,1437096.51,25775.34,1462871.85
2024-10-14,KRSB,Electric Power,buy,13.2,391,5155.07,0.0,300552.95,17.46,108933,1437909.9,20620.28,1458530.17
2024-10-17,KRSB,Electric Power,buy,13.08,315,4124.06,0.0,300552.95,17.43,109248,1428962.04,16496.22,1445458.27
2024-10-18,KRSB,Electric Power,buy,13.1,252,3299.24,0.0,300552.95,17.41,109500,1434446.25,13196.98,1447643.22
2024-10-21,KRSB,Electric Power,buy,13.02,203,2639.4,0.0,300552.95,17.39,109702,1428325.66,10557.58,1438883.25
2024-10-22,KRSB,Electric Power,buy,12.94,163,2111.52,0.0,300552.95,17.38,109866,1421660.99,8446.06,1430107.05
2024-10-23,KRSB,Electric Power,buy,12.98,130,1689.21,0.0,300552.95,17.36,109996,1427744.82,6756.85,1434501.68
2024-10-24,KRSB,Electric Power,buy,12.78,106,1351.37,0.0,300552.95,17.35,110101,1407097.04,5405.48,1412502.53
2024-10-25,KRSB,Electric Power,buy,12.48,87,1081.1,0.0,300552.95,17.34,110188,1375147.69,4324.39,1379472.08
2024-10-28,KRSB,Electric Power,buy,12.18,71,864.88,0.0,300552.95,17.34,110259,1342956.14,3459.51,1346415.64
2024-10-30,KRSB,Electric Power,buy,12.26,56,691.9,0.0,300552.95,17.33,110316,1352468.77,2767.61,1355236.37
2024-10-31,KRSB,Electric Power,buy,12.0,46,553.52,0.0,300552.95,17.32,110362,1324340.24,2214.09,1326554.33
2024-11-01,KRSB,Electric Power,buy,11.8,38,442.82,0.0,300552.95,17.32,110399,1302710.72,1771.27,1304481.99
2024-11-08,KRSB,Electric Power,sell,12.94,1104,14285.66,-4837.09,295715.86,17.32,109295,1414280.17,16056.93,1430337.09
2024-11-11,KRSB,Electric Power,sell,13.26,1093,14492.55,-4439.17,291276.7,17.32,108202,1434762.09,30549.47,1465311.56
2024-11-12,KRSB,Electric Power,sell,13.24,1082,14325.98,-4416.13,286860.57,17.32,107120,1418272.07,44875.45,1463147.52
2024-11-13,KRSB,Electric Power,sell,13.36,1071,14311.26,-4242.72,282617.85,17.32,106049,1416815.23,59186.72,1476001.95
2024-11-14,KRSB,Electric Power,sell,13.54,1060,14359.04,-4008.37,278609.48,17.32,104989,1421545.02,73545.76,1495090.78
2024-11-15,KRSB,Electric Power,sell,13.68,1050,14362.43,-3823.57,274785.91,17.32,103939,1421880.98,87908.19,1509789.17
2024-11-19,KRSB,Electric Power,buy,12.92,1361,17581.64,0.0,274785.91,17.18,105299,1360469.23,70326.55,1430795.79
2024-11-20,KRSB,Electric Power,buy,12.92,1089,14065.31,0.0,274785.91,17.07,106388,1374534.54,56261.24,1430795.79
2024-11-21,KRSB,Electric Power,buy,12.74,883,11252.25,0.0,274785.91,16.98,107271,1366636.93,45008.99,1411645.92
2024-12-02,KRSB,Electric Power,sell,13.2,1073,14159.82,-4060.39,270725.52,16.98,106199,1401821.93,59168.81,1460990.74
2024-12-04,KRSB,Electric Power,sell,13.9,1062,14761.61,-3275.44,267450.09,16.98,105137,1461399.36,73930.42,1535329.78
2024-12-05,KRSB,Electric Power,sell,14.08,1051,14803.24,-3052.35,264397.74,16.98,104085,1465520.72,88733.66,1554254.38
2024-12-06,KRSB,Electric Power,sell,14.42,1041,15009.1,-2669.4,261728.33,16.98,103044,1485900.62,103742.76,1589643.38
2024-12-09,KRSB,Electric Power,sell,14.32,1030,14755.96,-2744.19,258984.15,16.98,102014,1460840.21,118498.72,1579338.93
2024-12-10,KRSB,Electric Power,sell,14.46,1020,14751.22,-2574.76,256409.39,16.98,100994,1460370.95,133249.94,1593620.89
2024-12-11,KRSB,Electric Power,sell,14.4,1010,14543.11,-2610.11,253799.28,16.98,99984,1439768.2,147793.06,1587561.26
2024-12-20,KRSB,Electric Power,sell,14.62,1000,14617.65,-2364.29,251435.0,16.98,98984,1447147.02,162410.7,1609557.72
2024-12-23,KRSB,Electric Power,sell,14.62,990,14471.47,-2340.64,249094.35,16.98,97994,1432675.55,176882.17,1609557.72
2024-12-24,KRSB,Electric Power,sell,14.8,980,14503.15,-2140.62,246953.73,16.98,97014,1435811.36,191385.32,1627196.68
2024-12-25,KRSB,Electric Power,sell,15.06,970,14610.35,-1866.6,245087.13,16.98,96044,1446424.72,205995.67,1652420.39
2024-12-26,KRSB,Electric Power,sell,15.04,960,14445.04,-1866.56,243220.57,16.98,95084,1430058.8,220440.71,1650499.51
2024-12-27,KRSB,Electric Power,sell,15.02,951,14281.57,-1868.08,241352.5,16.98,94133,1413875.56,234722.28,1648597.84
2024-12-28,KRSB,Electric Power,sell,15.02,941,14138.76,-1848.43,239504.07,16.98,93192,1399736.8,248861.03,1648597.84
2024-12-30,KRSB,Electric Power,sell,15.4,932,14351.5,-1476.63,238027.44,16.98,92260,1420798.09,263212.53,1684010.62
2025-01-03,KRSB,Electric Power,sell,15.32,923,14134.17,-1536.2,236491.23,16.98,91337,1399283.15,277346.7,1676629.85
2025-01-06,KRSB,Electric Power,sell,15.24,913,13919.76,-1592.59,234898.64,16.98,90424,1378056.42,291266.46,1669322.89
2025-01-08,KRSB,Electric Power,sell,15.52,904,14033.75,-1323.8,233574.85,16.98,89519,1389341.29,305300.21,1694641.51
2025-01-09,KRSB,Electric Power,sell,15.44,895,13821.8,-1382.21,232192.64,16.98,88624,1368357.94,319122.01,1687479.96
2025-01-10,KRSB,Electric Power,sell,15.44,886,13683.58,-1368.31,230824.32,16.98,87738,1354674.36,332805.59,1687479.96
2025-01-13,KRSB,Electric Power,sell,15.8,877,13862.6,-1038.72,229785.6,16.98,86861,1372397.44,346668.19,1719065.63
2025-01-20,KRSB,Electric Power,sell,16.46,869,14297.25,-455.77,229329.83,16.98,85992,1415428.17,360965.45,1776393.62
2025-01-21,KRSB,Electric Power,sell,16.48,860,14171.48,-433.85,228895.99,16.98,85132,1402976.53,375136.93,1778113.46
2025-01-22,KRSB,Electric Power,sell,16.5,851,14046.79,-412.29,228483.7,16.98,84281,1390632.38,389183.72,1779816.1
2025-01-23,KRSB,Electric Power,sell,16.4,843,13822.04,-492.7,227990.99,16.98,83438,1368382.27,403005.76,1771388.03
2025-01-24,KRSB,Electric Power,sell,16.6,834,13850.7,-320.66,227670.33,16.98,82604,1371219.16,416856.46,1788075.62
2025-02-04,KRSB,Electric Power,sell,16.4,826,13546.98,-482.77,227187.56,16.98,81778,1341151.46,430403.44,1771554.9
2025-02-13,KRSB,Electric Power,buy,16.12,5340,86080.69,0.0,227187.56,16.79,87118,1404334.44,344322.76,1748657.2
2025-02-14,KRSB,Electric Power,buy,15.9,4331,68864.55,0.0,227187.56,16.65,91449,1454033.14,275458.2,1729491.34
2025-02-18,KRSB,Electric Power,buy,15.9,3465,55091.64,0.0,227187.56,16.57,94914,1509124.78,220366.56,1729491.34
2025-02-25,KRSB,Electric Power,sell,16.48,949,15641.75,-87.26,227100.3,16.57,93964,1548532.87,236008.31,1784541.18
2025-03-06,KRSB,Electric Power,sell,16.4,940,15410.16,-161.63,226938.67,16.57,93025,1525605.56,251418.47,1777024.03
2025-03-11,KRSB,Electric Power,sell,17.1,930,15907.23,491.03,227429.7,16.57,92094,1574815.64,267325.7,1842141.34
2025-03-21,KRSB,Electric Power,sell,16.9,921,15563.97,302.09,227731.79,16.57,91174,1540832.78,282889.66,1823722.44
2025-03-25,KRSB,Electric Power,buy,16.34,3463,56577.93,0.0,227731.79,16.55,94636,1546353.53,226311.73,1772665.26
2025-03-27,KRSB,Electric Power,buy,16.12,2808,45262.35,0.0,227731.79,16.51,97444,1570795.94,181049.38,1751845.32
2025-03-28,KRSB,Electric Power,buy,15.96,2269,36209.88,0.0,227731.79,16.48,99713,1591414.79,144839.51,1736254.29
2025-04-03,KRSB,Electric Power,buy,15.62,1855,28967.9,0.0,227731.79,16.43,101567,1586480.37,115871.61,1702351.97
2025-04-04,KRSB,Electric Power,buy,15.5,1495,23174.32,0.0,227731.79,16.4,103062,1597466.62,92697.28,1690163.91
2025-04-07,KRSB,Electric Power,buy,14.62,1268,18539.46,0.0,227731.79,16.34,104330,1525311.2,74157.83,1599469.03
2025-04-08,KRSB,Electric Power,buy,14.92,994,14831.57,0.0,227731.79,16.31,105325,1571441.9,59326.26,1630768.16
2025-04-09,KRSB,Electric Power,buy,14.5,818,11865.25,0.0,227731.79,16.28,106143,1539070.85,47461.01,1586531.86
2025-04-16,KRSB,Electric Power,sell,15.88,1061,16855.48,-422.01,227309.78,16.28,105081,1668692.46,64316.49,1733008.95
2025-04-17,KRSB,Electric Power,sell,16.2,1051,17023.19,-81.74,227228.04,16.28,104031,1685295.32,81339.67,1766634.99
2025-04-25,KRSB,Electric Power,sell,16.02,1040,16665.7,-268.07,226959.97,16.28,102990,1649904.12,98005.37,1747909.49
2025-04-28,KRSB,Electric Power,sell,16.4,1030,16890.4,125.87,227085.83,16.28,101960,1672150.02,114895.78,1787045.79
2025-05-05,KRSB,Electric Power,sell,16.88,1020,17210.91,614.2,227700.03,16.28,100941,1703880.08,132106.69,1835986.77
2025-05-06,KRSB,Electric Power,sell,17.02,1009,17180.12,748.82,228448.85,16.28,99931,1700831.67,149286.8,1850118.48
2025-05-07,KRSB,Electric Power,sell,17.32,999,17308.11,1041.07,229489.92,16.28,98932,1713502.97,166594.92,1880097.88
2025-05-08,KRSB,Electric Power,sell,17.44,989,17253.75,1149.32,230639.23,16.28,97943,1708121.06,183848.66,1891969.73
2025-05-12,KRSB,Electric Power,sell,17.7,979,17335.86,1392.21,232031.44,16.28,96963,1716250.31,201184.53,1917434.84
2025-05-13,KRSB,Electric Power,sell,18.02,970,17472.79,1689.78,233721.22,16.28,95994,1729805.78,218657.31,1948463.09
2025-05-14,KRSB,Electric Power,sell,18.56,960,17816.42,2190.71,235911.93,16.28,95034,1763825.93,236473.73,2000299.67
2025-05-15,KRSB,Electric Power,sell,18.6,950,17676.27,2205.88,238117.81,16.28,94083,1749951.01,254150.01,2004101.02
2025-05-16,KRSB,Electric Power,sell,18.58,941,17480.69,2166.17,240283.98,16.28,93143,1730588.65,271630.7,2002219.35
2025-05-19,KRSB,Electric Power,sell,19.3,931,17976.51,2813.4,243097.38,16.28,92211,1779674.77,289607.21,2069281.99
2025-05-20,KRSB,Electric Power,sell,19.44,922,17925.84,2915.27,246012.65,16.28,91289,1774658.49,307533.06,2082191.54
2025-05-21,KRSB,Electric Power,sell,19.76,913,18038.71,3178.94,249191.59,16.28,90376,1785832.26,325571.77,2111404.03
2025-05-22,KRSB,Electric Power,sell,19.6,904,17713.72,3002.98,252194.57,16.28,89472,1753658.36,343285.49,2096943.85
2025-05-23,KRSB,Electric Power,sell,19.76,895,17679.74,3116.27,255310.85,16.28,88578,1750294.2,360965.23,2111259.43
2025-05-26,KRSB,Electric Power,sell,19.54,886,17308.07,2890.03,258200.88,16.28,87692,1713499.05,378273.3,2091772.35
2025-05-27,KRSB,Electric Power,sell,19.54,877,17134.99,2860.68,261061.55,16.28,86815,1696364.06,395408.29,2091772.35
2025-05-28,KRSB,Electric Power,sell,19.5,868,16928.91,2796.6,263858.16,16.28,85947,1675962.55,412337.2,2088299.75
2025-05-30,KRSB,Electric Power,sell,19.58,859,16828.38,2836.32,266694.48,16.28,85087,1666009.91,429165.59,2095175.49
2025-06-04,KRSB,Electric Power,sell,19.98,851,17000.45,3150.27,269844.74,16.28,84236,1683044.39,446166.03,2129210.42
2025-06-05,KRSB,Electric Power,sell,20.48,842,17251.63,3537.91,273382.66,16.28,83394,1707910.99,463417.66,2171328.65
2025-06-06,KRSB,Electric Power,sell,20.54,834,17129.15,3554.33,276936.99,16.28,82560,1695785.49,480546.81,2176332.3
2025-06-10,KRSB,Electric Power,sell,20.94,826,17288.1,3850.6,280787.59,16.28,81735,1711521.46,497834.9,2209356.36
2025-06-11,KRSB,Electric Power,sell,20.92,817,17098.87,3792.31,284579.9,16.28,80917,1692787.9,514933.77,2207721.67
2025-06-13,KRSB,Electric Power,sell,20.78,809,16814.59,3641.93,288221.83,16.28,80108,1664644.89,531748.36,2196393.26
2025-06-17,KRSB,Electric Power,buy,19.14,5556,106349.67,0.0,288221.83,16.99,85664,1639617.4,425398.69,2065016.09
2025-06-18,KRSB,Electric Power,buy,16.48,5163,85079.74,0.0,288221.83,16.89,90827,1496829.72,340318.95,1837148.67
2025-06-19,KRSB,Electric Power,buy,16.24,4191,68063.79,0.0,288221.83,16.81,95018,1543095.02,272255.16,1815350.18
2025-06-20,KRSB,Electric Power,buy,16.3,3341,54451.03,0.0,288221.83,16.76,98359,1603247.14,217804.13,1821051.27
2025-06-23,KRSB,Electric Power,buy,16.34,2666,43560.83,0.0,288221.83,16.73,101025,1650742.32,174243.3,1824985.62
2025-06-24,KRSB,Electric Power,buy,16.14,2159,34848.66,0.0,288221.83,16.7,103184,1665386.05,139394.64,1804780.7
2025-06-25,KRSB,Electric Power,buy,16.16,1725,27878.93,0.0,288221.83,16.68,104909,1695328.66,111515.71,1806844.37
2025-06-26,KRSB,Electric Power,buy,16.2,1377,22303.14,0.0,288221.83,16.66,106286,1721828.16,89212.57,1811040.73
2025-06-27,KRSB,Electric Power,buy,16.24,1099,17842.51,0.0,288221.83,16.65,107384,1743922.1,71370.06,1815292.16
2025-06-30,KRSB,Electric Power,buy,16.46,867,14274.01,0.0,288221.83,16.65,108252,1781820.67,57096.05,1838916.72
2025-07-01,KRSB,Electric Power,sell,17.0,1083,18402.77,381.16,288602.99,16.65,107169,1821873.75,75498.81,1897372.56
2025-07-08,KRSB,Electric Power,buy,16.26,929,15099.76,0.0,288602.99,16.64,108098,1757668.42,60399.05,1818067.47
2025-07-09,KRSB,Electric Power,buy,16.06,752,12079.81,0.0,288602.99,16.63,108850,1748128.69,48319.24,1796447.93
2025-07-10,KRSB,Electric Power,buy,16.02,603,9663.85,0.0,288602.99,16.62,109453,1753438.55,38655.39,1792093.94
2025-07-17,KRSB,Electric Power,sell,17.0,1095,18607.03,413.25,289016.24,16.62,108359,1842095.55,57262.42,1899357.97
2025-07-18,KRSB,Electric Power,sell,16.96,1084,18377.61,365.75,289381.99,16.62,107275,1819383.6,75640.03,1895023.63
2025-07-21,KRSB,Electric Power,sell,17.3,1073,18558.57,726.82,290108.8,16.62,106202,1837298.52,94198.6,1931497.12
2025-07-22,KRSB,Electric Power,sell,17.76,1062,18861.52,1207.84,291316.64,16.62,105140,1867290.03,113060.12,1980350.14
2025-07-23,KRSB,Electric Power,sell,18.22,1051,19156.55,1678.74,292995.38,16.62,104089,1896497.97,132216.66,2028714.64
2025-07-24,KRSB,Electric Power,sell,18.72,1041,19485.42,2183.21,295178.59,16.62,103048,1929056.95,151702.08,2080759.04
2025-07-25,KRSB,Electric Power,sell,19.0,1030,19579.1,2448.52,297627.11,16.62,102017,1938331.26,171281.19,2109612.45
2025-07-28,KRSB,Electric Power,sell,18.64,1020,19016.05,2057.58,299684.69,16.62,100997,1882588.94,190297.24,2072886.18
2025-07-29,KRSB,Electric Power,sell,18.92,1010,19108.68,2320.18,302004.87,16.62,99987,1891759.49,209405.92,2101165.41
2025-07-30,KRSB,Electric Power,sell,19.0,1000,18997.58,2377.2,304382.07,16.62,98987,1880760.89,228403.5,2109164.39
2025-07-31,KRSB,Electric Power,sell,19.56,990,19361.94,2907.77,307289.84,16.62,97998,1916831.9,247765.44,2164597.34
2025-08-01,KRSB,Electric Power,sell,19.8,980,19403.51,3113.58,310403.42,16.62,97018,1920947.8,267168.96,2188116.75
2025-08-04,KRSB,Electric Power,sell,20.24,970,19636.36,3508.56,313911.98,16.62,96047,1943999.17,286805.31,2230804.48
2025-08-05,KRSB,Electric Power,sell,19.98,960,19190.27,3222.82,317134.8,16.62,95087,1899836.58,305995.58,2205832.16
2025-08-06,KRSB,Electric Power,sell,20.02,951,19036.4,3230.64,320365.44,16.62,94136,1884603.66,325031.98,2209635.64
2025-08-07,KRSB,Electric Power,sell,19.9,941,18733.07,3083.76,323449.2,16.62,93195,1854574.26,343765.05,2198339.31
2025-08-08,KRSB,Electric Power,sell,19.9,932,18545.74,3054.27,326503.46,16.62,92263,1836028.52,362310.8,2198339.31
2022-08-12,MRKV,Electric Power,init,0.03,16666667,500000.0,0.0,0.0,0.0,16666667,500000.0,500000.0,1000000.0
2022-08-23,MRKV,Electric Power,sell,0.03,166667,5000.0,0.0,0.0,0.0,16500000,495000.0,505000.0,1000000.0
2022-08-26,MRKV,Electric Power,buy,0.03,3366667,101000.0,0.0,0.0,0.03,19866667,596000.0,404000.0,1000000.0
2022-08-30,MRKV,Electric Power,sell,0.03,198667,5960.0,-1.19,-1.19,0.03,19668000,590040.0,409960.0,1000000.0
2022-08-31,MRKV,Electric Power,sell,0.03,196680,5900.4,-1.18,-2.37,0.03,19471320,584139.6,415860.4,1000000.0
2022-09-01,MRKV,Electric Power,sell,0.03,194713,5841.4,-1.17,-3.54,0.03,19276607,578298.2,421701.8,1000000.0
2022-09-02,MRKV,Electric Power,sell,0.03,192766,5782.98,-1.16,-4.7,0.03,19083841,572515.22,427484.78,1000000.0
2022-09-05,MRKV,Electric Power,sell,0.03,190838,5725.15,-1.15,-5.84,0.03,18893002,566790.07,433209.93,1000000.0
2022-09-12,MRKV,Electric Power,sell,0.03,188930,5667.9,-1.13,-6.98,0.03,18704072,561122.17,438877.83,1000000.0
2022-09-14,MRKV,Electric Power,sell,0.03,187041,5611.22,-1.12,-8.1,0.03,18517032,555510.95,444489.05,1000000.0
2022-09-15,MRKV,Electric Power,sell,0.03,185170,5555.11,-1.11,-9.21,0.03,18331861,549955.84,450044.16,1000000.0
2022-09-20,MRKV,Electric Power,buy,0.03,3000294,90008.83,0.0,-9.21,0.03,21332156,639964.67,360035.33,1000000.0
2022-09-21,MRKV,Electric Power,buy,0.03,2400236,72007.07,0.0,-9.21,0.03,23732391,711971.74,288028.26,1000000.0
2022-09-22,MRKV,Electric Power,buy,0.03,1920188,57605.65,0.0,-9.21,0.03,25652580,769577.39,230422.61,1000000.0
2022-09-23,MRKV,Electric Power,buy,0.03,1536151,46084.52,0.0,-9.21,0.03,27188730,815661.91,184338.09,1000000.0
2022-09-26,MRKV,Electric Power,buy,0.02,1843381,36867.62,0.0,-9.21,0.03,29032111,580642.23,147470.47,728112.7
2022-09-27,MRKV,Electric Power,buy,0.02,1474705,29494.09,0.0,-9.21,0.03,30506816,610136.32,117976.38,728112.7
2022-09-28,MRKV,Electric Power,buy,0.02,1179764,23595.28,0.0,-9.21,0.03,31686580,633731.59,94381.1,728112.7
2022-09-29,MRKV,Electric Power,buy,0.02,943811,18876.22,0.0,-9.21,0.03,32630391,652607.82,75504.88,728112.7
2022-09-30,MRKV,Electric Power,buy,0.02,755049,15100.98,0.0,-9.21,0.03,33385440,667708.79,60403.9,728112.7
2022-10-07,MRKV,Electric Power,buy,0.02,604039,12080.78,0.0,-9.21,0.03,33989479,679789.57,48323.12,728112.7
2022-10-13,MRKV,Electric Power,sell,0.02,339895,6797.9,-2078.84,-2088.05,0.03,33649584,672991.68,55121.02,728112.7
2022-10-21,MRKV,Electric Power,buy,0.02,551210,11024.2,0.0,-2088.05,0.03,34200794,684015.88,44096.82,728112.7
2022-11-01,MRKV,Electric Power,sell,0.02,342008,6840.16,-2026.67,-4114.72,0.03,33858786,677175.72,50936.97,728112.7
2022-11-02,MRKV,Electric Power,sell,0.02,338588,6771.76,-2006.4,-6121.13,0.03,33520198,670403.96,57708.73,728112.7
2022-11-07,MRKV,Electric Power,sell,0.02,335202,6704.04,-1986.34,-8107.46,0.03,33184996,663699.92,64412.77,728112.7
2022-11-23,MRKV,Electric Power,sell,0.03,331850,9955.5,1351.69,-6755.77,0.03,32853146,985594.39,74368.27,1059962.66
2022-11-24,MRKV,Electric Power,sell,0.03,328531,9855.94,1338.17,-5417.6,0.03,32524615,975738.44,84224.21,1059962.66
2022-11-25,MRKV,Electric Power,sell,0.03,325246,9757.38,1324.79,-4092.81,0.03,32199369,965981.06,93981.6,1059962.66
2022-11-28,MRKV,Electric Power,sell,0.03,321994,9659.81,1311.55,-2781.26,0.03,31877375,956321.25,103641.41,1059962.66
2022-11-29,MRKV,Electric Power,sell,0.03,318774,9563.21,1298.43,-1482.83,0.03,31558601,946758.04,113204.62,1059962.66
2022-11-30,MRKV,Electric Power,sell,0.03,315586,9467.58,1285.45,-197.38,0.03,31243015,937290.46,122672.2,1059962.66
2022-12-01,MRKV,Electric Power,sell,0.03,312430,9372.9,1272.59,1075.21,0.03,30930585,927917.55,132045.11,1059962.66
2022-12-02,MRKV,Electric Power,sell,0.03,309306,9279.18,1259.87,2335.08,0.03,30621279,918638.38,141324.28,1059962.66
2022-12-06,MRKV,Electric Power,buy,0.03,942162,28264.86,0.0,2335.08,0.03,31563441,946903.23,113059.43,1059962.66
2022-12-07,MRKV,Electric Power,buy,0.03,753730,22611.89,0.0,2335.08,0.03,32317171,969515.12,90447.54,1059962.66
2022-12-08,MRKV,Electric Power,buy,0.03,602984,18089.51,0.0,2335.08,0.03,32920154,987604.63,72358.03,1059962.66
2022-12-09,MRKV,Electric Power,buy,0.02,723580,14471.61,0.0,2335.08,0.03,33643735,672874.69,57886.43,730761.12
2022-12-16,MRKV,Electric Power,sell,0.03,336437,10093.12,1270.43,3605.51,0.03,33307297,999218.92,67979.55,1067198.46
2022-12-19,MRKV,Electric Power,sell,0.03,333073,9992.19,1257.73,4863.24,0.03,32974224,989226.73,77971.74,1067198.46
2022-12-27,MRKV,Electric Power,sell,0.03,329742,9892.27,1245.15,6108.4,0.03,32644482,979334.46,87864.0,1067198.46
2023-01-03,MRKV,Electric Power,sell,0.03,326445,9793.34,1232.7,7341.1,0.03,32318037,969541.11,97657.35,1067198.46
2023-01-04,MRKV,Electric Power,sell,0.03,323180,9695.41,1220.37,8561.47,0.03,31994857,959845.7,107352.76,1067198.46
2023-01-05,MRKV,Electric Power,sell,0.03,319949,9598.46,1208.17,9769.65,0.03,31674908,950247.25,116951.22,1067198.46
2023-01-09,MRKV,Electric Power,sell,0.03,316749,9502.47,1196.09,10965.74,0.03,31358159,940744.77,126453.69,1067198.46
2023-01-10,MRKV,Electric Power,sell,0.03,313582,9407.45,1184.13,12149.87,0.03,31044578,931337.33,135861.14,1067198.46
2023-01-11,MRKV,Electric Power,sell,0.03,310446,9313.37,1172.29,13322.16,0.03,30734132,922023.95,145174.51,1067198.46
2023-01-12,MRKV,Electric Power,sell,0.03,307341,9220.24,1160.56,14482.72,0.03,30426790,912803.71,154394.75,1067198.46
2023-01-13,MRKV,Electric Power,sell,0.03,304268,9128.04,1148.96,15631.68,0.03,30122523,903675.68,163522.79,1067198.46
2023-01-16,MRKV,Electric Power,sell,0.03,301225,9036.76,1137.47,16769.15,0.03,29821297,894638.92,172559.54,1067198.46
2023-01-25,MRKV,Electric Power,sell,0.03,298213,8946.39,1126.1,17895.25,0.03,29523084,885692.53,181505.93,1067198.46
2023-01-27,MRKV,Electric Power,sell,0.03,295231,8856.93,1114.83,19010.08,0.03,29227854,876835.61,190362.86,1067198.46
2023-01-30,MRKV,Electric Power,sell,0.03,292279,8768.36,1103.69,20113.77,0.03,28935575,868067.25,199131.21,1067198.46
2023-01-31,MRKV,Electric Power,sell,0.03,289356,8680.67,1092.65,21206.42,0.03,28646219,859386.58,207811.89,1067198.46
2023-02-09,MRKV,Electric Power,sell,0.03,286462,8593.87,1081.72,22288.14,0.03,28359757,850792.71,216405.75,1067198.46
2023-02-10,MRKV,Electric Power,sell,0.03,283598,8507.93,1070.91,23359.05,0.03,28076159,842284.78,224913.68,1067198.46
2023-02-13,MRKV,Electric Power,sell,0.03,280762,8422.85,1060.2,24419.25,0.03,27795398,833861.94,233336.53,1067198.46
2023-02-15,MRKV,Electric Power,buy,0.03,1555577,46667.31,0.0,24419.25,0.03,29350975,880529.24,186669.22,1067198.46
2023-02-28,MRKV,Electric Power,sell,0.03,293510,8805.29,973.96,25393.21,0.03,29057465,871723.95,195474.51,1067198.46
2023-03-01,MRKV,Electric Power,sell,0.03,290575,8717.24,964.22,26357.43,0.03,28766890,863006.71,204191.75,1067198.46
2023-03-07,MRKV,Electric Power,sell,0.03,287669,8630.07,954.58,27312.01,0.03,28479221,854376.64,212821.82,1067198.46
2023-03-09,MRKV,Electric Power,sell,0.03,284792,8543.77,945.03,28257.04,0.03,28194429,845832.88,221365.59,1067198.46
2023-03-10,MRKV,Electric Power,sell,0.03,281944,8458.33,935.58,29192.62,0.03,27912485,837374.55,229823.92,1067198.46
2023-03-13,MRKV,Electric Power,sell,0.03,279125,8373.75,926.23,30118.85,0.03,27633360,829000.8,238197.66,1067198.46
2023-03-14,MRKV,Electric Power,sell,0.03,276334,8290.01,916.97,31035.82,0.03,27357026,820710.79,246487.67,1067198.46
2023-03-21,MRKV,Electric Power,sell,0.03,273570,8207.11,907.79,31943.61,0.03,27083456,812503.69,254694.78,1067198.46
2023-03-22,MRKV,Electric Power,sell,0.03,270835,8125.04,898.72,32842.33,0.03,26812622,804378.65,262819.81,1067198.46
2023-03-23,MRKV,Electric Power,sell,0.03,268126,8043.79,889.73,33732.06,0.03,26544495,796334.86,270863.6,1067198.46
2023-03-24,MRKV,Electric Power,sell,0.03,265445,7963.35,880.83,34612.89,0.03,26279050,788371.51,278826.95,1067198.46
2023-03-27,MRKV,Electric Power,sell,0.03,262791,7883.72,872.03,35484.92,0.03,26016260,780487.8,286710.66,1067198.46
2023-03-28,MRKV,Electric Power,sell,0.03,260163,7804.88,863.31,36348.23,0.03,25756097,772682.92,294515.54,1067198.46
2023-03-29,MRKV,Electric Power,sell,0.03,257561,7726.83,854.67,37202.9,0.03,25498536,764956.09,302242.37,1067198.46
2023-03-30,MRKV,Electric Power,sell,0.03,254985,7649.56,846.12,38049.02,0.03,25243551,757306.53,309891.93,1067198.46
2023-03-31,MRKV,Electric Power,sell,0.04,252436,10097.42,3361.77,41410.79,0.03,24991116,999644.62,319989.35,1319633.97
2023-04-03,MRKV,Electric Power,sell,0.04,249911,9996.45,3328.15,44738.94,0.03,24741204,989648.17,329985.8,1319633.97
2023-04-04,MRKV,Electric Power,sell,0.04,247412,9896.48,3294.87,48033.81,0.03,24493792,979751.69,339882.28,1319633.97
2023-04-05,MRKV,Electric Power,sell,0.04,244938,9797.52,3261.92,51295.73,0.03,24248854,969954.18,349679.8,1319633.97
2023-04-06,MRKV,Electric Power,sell,0.04,242489,9699.54,3229.31,54525.03,0.03,24006366,960254.63,359379.34,1319633.97
2023-04-07,MRKV,Electric Power,sell,0.04,240064,9602.55,3197.01,57722.04,0.03,23766302,950652.09,368981.89,1319633.97
2023-04-10,MRKV,Electric Power,sell,0.04,237663,9506.52,3165.04,60887.08,0.03,23528639,941145.57,378488.41,1319633.97
2023-04-11,MRKV,Electric Power,sell,0.04,235286,9411.46,3133.38,64020.46,0.03,23293353,931734.11,387899.86,1319633.97
2023-04-12,MRKV,Electric Power,sell,0.04,232934,9317.34,3102.06,67122.51,0.03,23060419,922416.77,397217.2,1319633.97
2023-04-17,MRKV,Electric Power,sell,0.04,230604,9224.17,3071.03,70193.54,0.03,22829815,913192.6,406441.37,1319633.97
2023-04-24,MRKV,Electric Power,sell,0.04,228298,9131.93,3040.32,73233.86,0.03,22601517,904060.68,415573.3,1319633.97
2023-04-25,MRKV,Electric Power,sell,0.04,226015,9040.61,3009.92,76243.78,0.03,22375502,895020.07,424613.9,1319633.97
2023-04-26,MRKV,Electric Power,sell,0.04,223755,8950.2,2979.82,79223.6,0.03,22151747,886069.87,433564.1,1319633.97
2023-04-27,MRKV,Electric Power,sell,0.04,221517,8860.7,2950.01,82173.61,0.03,21930229,877209.17,442424.8,1319633.97
2023-05-03,MRKV,Electric Power,buy,0.04,2212124,88484.96,0.0,82173.61,0.03,24142353,965694.13,353939.84,1319633.97
2023-05-08,MRKV,Electric Power,buy,0.04,1769699,70787.97,0.0,82173.61,0.03,25912052,1036482.1,283151.87,1319633.97
2023-05-11,MRKV,Electric Power,sell,0.04,259121,10364.82,1990.04,84163.65,0.03,25652932,1026117.28,293516.69,1319633.97
2023-05-22,MRKV,Electric Power,buy,0.04,1467583,58703.34,0.0,84163.65,0.03,27120515,1084820.62,234813.36,1319633.97
2023-05-24,MRKV,Electric Power,sell,0.04,271205,10848.21,1794.73,85958.38,0.03,26849310,1073972.41,245661.56,1319633.97
2023-05-26,MRKV,Electric Power,sell,0.04,268493,10739.72,1776.78,87735.17,0.03,26580817,1063232.69,256401.29,1319633.97
2023-05-29,MRKV,Electric Power,sell,0.04,265808,10632.33,1759.02,89494.18,0.03,26315009,1052600.36,267033.61,1319633.97
2023-06-15,MRKV,Electric Power,sell,0.04,263150,10526.0,1741.43,91235.61,0.03,26051859,1042074.36,277559.62,1319633.97
2023-06-16,MRKV,Electric Power,sell,0.04,260519,10420.74,1724.01,92959.62,0.03,25791340,1031653.61,287980.36,1319633.97
2023-06-19,MRKV,Electric Power,sell,0.04,257913,10316.54,1706.77,94666.39,0.03,25533427,1021337.08,298296.9,1319633.97
2023-06-21,MRKV,Electric Power,sell,0.04,255334,10213.37,1689.7,96356.09,0.03,25278093,1011123.71,308510.27,1319633.97
2023-06-22,MRKV,Electric Power,sell,0.04,252781,10111.24,1672.81,98028.9,0.03,25025312,1001012.47,318621.5,1319633.97
2023-07-04,MRKV,Electric Power,sell,0.04,250253,10010.12,1656.08,99684.98,0.03,24775059,991002.34,328631.63,1319633.97
2023-07-05,MRKV,Electric Power,sell,0.04,247751,9910.02,1639.52,101324.5,0.03,24527308,981092.32,338541.65,1319633.97
2023-07-13,MRKV,Electric Power,sell,0.04,245273,9810.92,1623.12,102947.62,0.03,24282035,971281.4,348352.58,1319633.97
2023-07-17,MRKV,Electric Power,sell,0.05,242820,12141.02,4034.85,106982.47,0.03,24039215,1201960.73,360493.59,1562454.32
2023-07-18,MRKV,Electric Power,sell,0.05,240392,12019.61,3994.5,110976.97,0.03,23798822,1189941.12,372513.2,1562454.32
2023-07-19,MRKV,Electric Power,sell,0.05,237988,11899.41,3954.56,114931.53,0.03,23560834,1178041.71,384412.61,1562454.32
2023-07-20,MRKV,Electric Power,sell,0.05,235608,11780.42,3915.01,118846.53,0.03,23325226,1166261.29,396193.03,1562454.32
2023-07-21,MRKV,Electric Power,sell,0.05,233252,11662.61,3875.86,122722.39,0.03,23091974,1154598.68,407855.64,1562454.32
2023-07-24,MRKV,Electric Power,sell,0.05,230920,11545.99,3837.11,126559.5,0.03,22861054,1143052.69,419401.63,1562454.32
2023-07-25,MRKV,Electric Power,sell,0.05,228611,11430.53,3798.74,130358.24,0.03,22632443,1131622.17,430832.15,1562454.32
2023-07-26,MRKV,Electric Power,sell,0.06,226324,13579.47,6023.75,136382.0,0.03,22406119,1344367.13,444411.62,1788778.75
2023-07-27,MRKV,Electric Power,sell,0.06,224061,13443.67,5963.52,142345.52,0.03,22182058,1330923.46,457855.29,1788778.75
2023-07-28,MRKV,Electric Power,sell,0.06,221821,13309.23,5903.9,148249.42,0.03,21960237,1317614.23,471164.53,1788778.75
2023-07-31,MRKV,Electric Power,sell,0.06,219602,13176.14,5844.84,154094.26,0.03,21740635,1304438.09,484340.67,1788778.75
2023-08-01,MRKV,Electric Power,sell,0.06,217406,13044.38,5786.39,159880.66,0.03,21523228,1291393.7,497385.05,1788778.75
2023-08-02,MRKV,Electric Power,sell,0.06,215232,12913.94,5728.53,165609.19,0.03,21307996,1278479.77,510298.99,1788778.75
2023-08-03,MRKV,Electric Power,sell,0.06,213080,12784.8,5671.26,171280.45,0.03,21094916,1265694.97,523083.78,1788778.75
2023-08-07,MRKV,Electric Power,sell,0.06,210949,12656.95,5614.54,176894.98,0.03,20883967,1253038.02,535740.73,1788778.75
2023-08-08,MRKV,Electric Power,sell,0.06,208840,12530.38,5558.41,182453.39,0.03,20675127,1240507.64,548271.11,1788778.75
2023-08-09,MRKV,Electric Power,sell,0.07,206751,14472.59,7570.11,190023.5,0.03,20468376,1432786.32,562743.7,1995530.03
2023-08-25,MRKV,Electric Power,sell,0.06,204684,12281.03,5447.79,195471.29,0.03,20263692,1215821.54,575024.73,1790846.27
2023-08-28,MRKV,Electric Power,sell,0.07,202637,14184.58,7419.48,202890.76,0.03,20061055,1404273.88,589209.31,1993483.19
2023-08-30,MRKV,Electric Power,sell,0.07,200611,14042.74,7345.29,210236.06,0.03,19860445,1390231.14,603252.05,1993483.19
2023-08-31,MRKV,Electric Power,sell,0.08,198604,15888.36,9257.65,219493.71,0.03,19661840,1572947.23,619140.41,2192087.64
2023-09-01,MRKV,Electric Power,sell,0.08,196618,15729.47,9165.08,228658.79,0.03,19465222,1557217.76,634869.88,2192087.64
2023-09-04,MRKV,Electric Power,sell,0.08,194652,15572.18,9073.43,237732.22,0.03,19270570,1541645.58,650442.06,2192087.64
2023-09-05,MRKV,Electric Power,sell,0.08,192706,15416.46,8982.72,246714.94,0.03,19077864,1526229.12,665858.51,2192087.64
2023-09-08,MRKV,Electric Power,buy,0.07,1902453,133171.7,0.0,246714.94,0.05,20980317,1468622.19,532686.81,2001309.0
2023-09-11,MRKV,Electric Power,sell,0.08,209803,16784.25,6516.52,253231.47,0.05,20770514,1661641.1,549471.06,2211112.17
2023-09-14,MRKV,Electric Power,buy,0.07,1569917,109894.21,0.0,253231.47,0.05,22340431,1563830.18,439576.85,2003407.03
2023-09-20,MRKV,Electric Power,buy,0.07,1255934,87915.37,0.0,253231.47,0.06,23596365,1651745.55,351661.48,2003407.03
2023-09-21,MRKV,Electric Power,buy,0.06,1172205,70332.3,0.0,253231.47,0.06,24768570,1486114.19,281329.19,1767443.38
2023-10-03,MRKV,Electric Power,buy,0.07,803798,56265.84,0.0,253231.47,0.06,25572368,1790065.73,225063.35,2015129.08
2023-10-12,MRKV,Electric Power,buy,0.06,750211,45012.67,0.0,253231.47,0.06,26322579,1579354.72,180050.68,1759405.4
2023-10-23,MRKV,Electric Power,sell,0.07,263226,18425.81,2923.41,256154.88,0.06,26059353,1824154.71,198476.48,2022631.19
2023-10-24,MRKV,Electric Power,sell,0.07,260594,18241.55,2894.18,259049.06,0.06,25798759,1805913.16,216718.03,2022631.19
2023-10-25,MRKV,Electric Power,sell,0.07,257988,18059.13,2865.24,261914.3,0.06,25540772,1787854.03,234777.16,2022631.19
2023-10-31,MRKV,Electric Power,buy,0.07,670792,46955.43,0.0,261914.3,0.06,26211564,1834809.46,187821.73,2022631.19
2023-11-02,MRKV,Electric Power,buy,0.06,626072,37564.35,0.0,261914.3,0.06,26837636,1610258.17,150257.38,1760515.55
2023-11-03,MRKV,Electric Power,buy,0.06,500858,30051.48,0.0,261914.3,0.06,27338494,1640309.65,120205.91,1760515.55
2023-11-09,MRKV,Electric Power,buy,0.06,400686,24041.18,0.0,261914.3,0.06,27739180,1664350.83,96164.73,1760515.55
2023-11-10,MRKV,Electric Power,buy,0.06,320549,19232.95,0.0,261914.3,0.06,28059730,1683583.77,76931.78,1760515.55
2023-11-13,MRKV,Electric Power,buy,0.06,256439,15386.36,0.0,261914.3,0.06,28316169,1698970.13,61545.42,1760515.55
2023-11-14,MRKV,Electric Power,buy,0.05,246182,12309.08,0.0,261914.3,0.06,28562351,1428117.53,49236.34,1477353.87
2023-11-15,MRKV,Electric Power,buy,0.06,164121,9847.27,0.0,261914.3,0.06,28726472,1723588.3,39389.07,1762977.37
2023-11-21,MRKV,Electric Power,buy,0.06,131297,7877.81,0.0,261914.3,0.06,28857769,1731466.11,31511.26,1762977.37
2023-11-23,MRKV,Electric Power,buy,0.05,126045,6302.25,0.0,261914.3,0.06,28983814,1449190.68,25209.01,1474399.68
2023-11-24,MRKV,Electric Power,buy,0.05,100836,5041.8,0.0,261914.3,0.06,29084650,1454232.48,20167.2,1474399.68
2023-11-27,MRKV,Electric Power,buy,0.05,80669,4033.44,0.0,261914.3,0.06,29165318,1458265.92,16133.76,1474399.68
2023-11-28,MRKV,Electric Power,sell,0.06,291653,17499.19,202.52,262116.83,0.06,28873665,1732419.91,33632.95,1766052.87
2023-11-29,MRKV,Electric Power,sell,0.06,288737,17324.2,200.5,262317.33,0.06,28584929,1715095.72,50957.15,1766052.87
2023-12-06,MRKV,Electric Power,buy,0.05,203829,10191.43,0.0,262317.33,0.06,28788757,1439437.86,40765.72,1480203.58
2023-12-07,MRKV,Electric Power,buy,0.05,163063,8153.14,0.0,262317.33,0.06,28951820,1447591.0,32612.58,1480203.58
2023-12-11,MRKV,Electric Power,buy,0.05,130450,6522.52,0.0,262317.33,0.06,29082270,1454113.52,26090.06,1480203.58
2023-12-12,MRKV,Electric Power,buy,0.05,104360,5218.01,0.0,262317.33,0.06,29186631,1459331.53,20872.05,1480203.58
2023-12-13,MRKV,Electric Power,buy,0.05,83488,4174.41,0.0,262317.33,0.06,29270119,1463505.94,16697.64,1480203.58
2023-12-14,MRKV,Electric Power,buy,0.05,66791,3339.53,0.0,262317.33,0.06,29336909,1466845.47,13358.11,1480203.58
2023-12-18,MRKV,Electric Power,sell,0.05,293369,14668.45,-2569.95,259747.38,0.06,29043540,1452177.02,28026.57,1480203.58
2023-12-19,MRKV,Electric Power,sell,0.06,290435,17426.12,359.81,260107.19,0.06,28753105,1725186.3,45452.69,1770638.99
2023-12-20,MRKV,Electric Power,sell,0.06,287531,17251.86,356.21,260463.4,0.06,28465574,1707934.43,62704.55,1770638.99
2023-12-26,MRKV,Electric Power,sell,0.06,284656,17079.34,352.65,260816.06,0.06,28180918,1690855.09,79783.9,1770638.99
2024-01-05,MRKV,Electric Power,sell,0.06,281809,16908.55,349.13,261165.18,0.06,27899109,1673946.54,96692.45,1770638.99
2024-01-08,MRKV,Electric Power,sell,0.06,278991,16739.47,345.63,261510.82,0.06,27620118,1657207.07,113431.91,1770638.99
2024-01-09,MRKV,Electric Power,sell,0.06,276201,16572.07,342.18,261852.99,0.06,27343917,1640635.0,130003.99,1770638.99
2024-01-10,MRKV,Electric Power,sell,0.06,273439,16406.35,338.76,262191.75,0.06,27070478,1624228.65,146410.34,1770638.99
2024-01-15,MRKV,Electric Power,sell,0.06,270705,16242.29,335.37,262527.12,0.06,26799773,1607986.36,162652.62,1770638.99
2024-01-16,MRKV,Electric Power,sell,0.06,267998,16079.86,332.02,262859.14,0.06,26531775,1591906.5,178732.49,1770638.99
2024-01-17,MRKV,Electric Power,sell,0.06,265318,15919.07,328.7,263187.83,0.06,26266457,1575987.44,194651.55,1770638.99
2024-01-18,MRKV,Electric Power,sell,0.06,262665,15759.87,325.41,263513.24,0.06,26003793,1560227.56,210411.42,1770638.99
2024-01-22,MRKV,Electric Power,sell,0.06,260038,15602.28,322.15,263835.4,0.06,25743755,1544625.29,226013.7,1770638.99
2024-01-23,MRKV,Electric Power,sell,0.07,257438,18020.63,2893.06,266728.45,0.06,25486317,1784042.21,244034.33,2028076.53
2024-01-24,MRKV,Electric Power,sell,0.07,254863,17840.42,2864.12,269592.57,0.06,25231454,1766201.78,261874.75,2028076.53
2024-02-06,MRKV,Electric Power,sell,0.07,252315,17662.02,2835.48,272428.05,0.06,24979140,1748539.77,279536.77,2028076.53
2024-02-07,MRKV,Electric Power,sell,0.07,249791,17485.4,2807.12,275235.17,0.06,24729348,1731054.37,297022.17,2028076.53
2024-02-16,MRKV,Electric Power,buy,0.06,990074,59404.43,0.0,275235.17,0.06,25719422,1543165.32,237617.73,1780783.05
2024-02-19,MRKV,Electric Power,buy,0.06,792059,47523.55,0.0,275235.17,0.06,26511481,1590688.87,190094.19,1780783.05
2024-02-20,MRKV,Electric Power,buy,0.06,633647,38018.84,0.0,275235.17,0.06,27145128,1628707.7,152075.35,1780783.05
2024-02-21,MRKV,Electric Power,buy,0.06,506918,30415.07,0.0,275235.17,0.06,27652046,1659122.77,121660.28,1780783.05
2024-02-22,MRKV,Electric Power,buy,0.06,405534,24332.06,0.0,275235.17,0.06,28057580,1683454.83,97328.22,1780783.05
2024-02-27,MRKV,Electric Power,sell,0.07,280576,19640.31,3052.01,278287.18,0.06,27777005,1944390.33,116968.53,2061358.86
2024-03-12,MRKV,Electric Power,buy,0.06,389895,23393.71,0.0,278287.18,0.06,28166900,1690013.99,93574.82,1783588.81
2024-03-13,MRKV,Electric Power,buy,0.06,311916,18714.96,0.0,278287.18,0.06,28478816,1708728.95,74859.86,1783588.81
2024-03-14,MRKV,Electric Power,buy,0.06,249533,14971.97,0.0,278287.18,0.06,28728349,1723700.92,59887.89,1783588.81
2024-03-15,MRKV,Electric Power,buy,0.06,199626,11977.58,0.0,278287.18,0.06,28927975,1735678.5,47910.31,1783588.81
2024-03-27,MRKV,Electric Power,sell,0.06,289280,17356.79,230.32,278517.5,0.06,28638695,1718321.72,65267.09,1783588.81
2024-03-28,MRKV,Electric Power,sell,0.06,286387,17183.22,228.01,278745.52,0.06,28352308,1701138.5,82450.31,1783588.81
2024-03-29,MRKV,Electric Power,sell,0.06,283523,17011.38,225.73,278971.25,0.06,28068785,1684127.11,99461.7,1783588.81
2024-04-01,MRKV,Electric Power,sell,0.07,280688,19648.15,3030.08,282001.33,0.06,27788097,1945166.82,119109.85,2064276.66
2024-04-08,MRKV,Electric Power,sell,0.07,277881,19451.67,2999.77,285001.1,0.06,27510216,1925715.15,138561.51,2064276.66
2024-04-10,MRKV,Electric Power,sell,0.07,275102,19257.15,2969.77,287970.87,0.06,27235114,1906458.0,157818.67,2064276.66
2024-04-17,MRKV,Electric Power,sell,0.07,272351,19064.58,2940.08,290910.95,0.06,26962763,1887393.42,176883.25,2064276.66
2024-04-22,MRKV,Electric Power,sell,0.07,269628,18873.93,2910.68,293821.63,0.06,26693135,1868519.48,195757.18,2064276.66
2024-04-29,MRKV,Electric Power,sell,0.07,266931,18685.19,2881.57,296703.2,0.06,26426204,1849834.29,214442.38,2064276.66
2024-05-02,MRKV,Electric Power,sell,0.07,264262,18498.34,2852.75,299555.95,0.06,26161942,1831335.95,232940.72,2064276.66
2024-05-03,MRKV,Electric Power,sell,0.07,261619,18313.36,2824.22,302380.18,0.06,25900323,1813022.59,251254.08,2064276.66
2024-05-06,MRKV,Electric Power,sell,0.08,259003,20720.26,5385.75,307765.93,0.06,25641319,2051305.55,271974.34,2323279.89
2024-05-07,MRKV,Electric Power,sell,0.08,256413,20513.06,5331.9,313097.83,0.06,25384906,2030792.5,292487.39,2323279.89
2024-05-16,MRKV,Electric Power,buy,0.07,835678,58497.48,0.0,313097.83,0.06,26220584,1835440.91,233989.91,2069430.83
2024-05-17,MRKV,Electric Power,buy,0.07,668543,46797.98,0.0,313097.83,0.06,26889127,1882238.9,187191.93,2069430.83
2024-05-20,MRKV,Electric Power,buy,0.07,534834,37438.39,0.0,313097.83,0.06,27423961,1919677.28,149753.54,2069430.83
2024-05-29,MRKV,Electric Power,buy,0.07,427867,29950.71,0.0,313097.83,0.06,27851828,1949627.99,119802.84,2069430.83
2024-05-31,MRKV,Electric Power,buy,0.07,342294,23960.57,0.0,313097.83,0.06,28194122,1973588.56,95842.27,2069430.83
2024-06-03,MRKV,Electric Power,buy,0.07,273835,19168.45,0.0,313097.83,0.06,28467957,1992757.01,76673.81,2069430.83
2024-06-11,MRKV,Electric Power,buy,0.07,219068,15334.76,0.0,313097.83,0.06,28687025,2008091.78,61339.05,2069430.83
2024-06-26,MRKV,Electric Power,sell,0.07,286870,20080.92,2256.63,315354.46,0.06,28400155,1988010.86,81419.97,2069430.83
2024-07-04,MRKV,Electric Power,buy,0.07,232628,16283.99,0.0,315354.46,0.06,28632784,2004294.85,65135.98,2069430.83
2024-07-05,MRKV,Electric Power,buy,0.06,217120,13027.2,0.0,315354.46,0.06,28849904,1730994.21,52108.78,1783102.99
2024-07-08,MRKV,Electric Power,buy,0.06,173696,10421.76,0.0,315354.46,0.06,29023599,1741415.97,41687.02,1783102.99
2024-07-09,MRKV,Electric Power,buy,0.06,138957,8337.4,0.0,315354.46,0.06,29162556,1749753.37,33349.62,1783102.99
2024-07-10,MRKV,Electric Power,buy,0.06,111165,6669.92,0.0,315354.46,0.06,29273722,1756423.3,26679.7,1783102.99
2024-07-11,MRKV,Electric Power,buy,0.06,88932,5335.94,0.0,315354.46,0.06,29362654,1761759.24,21343.76,1783102.99
2024-07-17,MRKV,Electric Power,sell,0.06,293627,17617.59,-632.71,314721.75,0.06,29069027,1744141.64,38961.35,1783102.99
2024-07-19,MRKV,Electric Power,sell,0.06,290690,17441.42,-626.38,314095.37,0.06,28778337,1726700.23,56402.77,1783102.99
2024-07-22,MRKV,Electric Power,sell,0.07,287783,20144.84,2257.43,316352.8,0.06,28490554,1994338.76,76547.6,2070886.36
2024-07-23,MRKV,Electric Power,sell,0.07,284906,19943.39,2234.86,318587.66,0.06,28205648,1974395.37,96490.99,2070886.36
2024-07-24,MRKV,Electric Power,sell,0.07,282056,19743.95,2212.5,320800.16,0.06,27923592,1954651.42,116234.94,2070886.36
2024-07-25,MRKV,Electric Power,sell,0.07,279236,19546.51,2190.38,322990.54,0.06,27644356,1935104.91,135781.46,2070886.36
2024-07-29,MRKV,Electric Power,buy,0.06,452605,27156.29,0.0,322990.54,0.06,28096961,1685817.64,108625.17,1794442.8
2024-08-02,MRKV,Electric Power,buy,0.06,362084,21725.03,0.0,322990.54,0.06,28459045,1707542.67,86900.13,1794442.8
2024-08-05,MRKV,Electric Power,buy,0.06,289667,17380.03,0.0,322990.54,0.06,28748712,1724922.7,69520.11,1794442.8
2024-08-06,MRKV,Electric Power,buy,0.06,231734,13904.02,0.0,322990.54,0.06,28980445,1738826.72,55616.08,1794442.8
2024-08-08,MRKV,Electric Power,buy,0.06,185387,11123.22,0.0,322990.54,0.06,29165832,1749949.94,44492.87,1794442.8
2024-08-09,MRKV,Electric Power,buy,0.06,148310,8898.57,0.0,322990.54,0.06,29314142,1758848.51,35594.29,1794442.8
2024-08-12,MRKV,Electric Power,buy,0.06,118648,7118.86,0.0,322990.54,0.06,29432789,1765967.37,28475.44,1794442.8
2024-08-19,MRKV,Electric Power,buy,0.06,94918,5695.09,0.0,322990.54,0.06,29527708,1771662.46,22780.35,1794442.8
2024-08-23,MRKV,Electric Power,buy,0.06,75934,4556.07,0.0,322990.54,0.06,29603642,1776218.53,18224.28,1794442.8
2024-09-02,MRKV,Electric Power,buy,0.06,60748,3644.86,0.0,322990.54,0.06,29664390,1779863.38,14579.42,1794442.8
2024-09-03,MRKV,Electric Power,buy,0.06,48598,2915.88,0.0,322990.54,0.06,29712988,1782779.27,11663.54,1794442.8
2024-09-05,MRKV,Electric Power,sell,0.06,297130,17827.79,-540.58,322449.97,0.06,29415858,1764951.47,29491.33,1794442.8
2024-09-06,MRKV,Electric Power,sell,0.06,294159,17649.51,-535.17,321914.8,0.06,29121699,1747301.96,47140.85,1794442.8
2024-09-09,MRKV,Electric Power,sell,0.06,291217,17473.02,-529.82,321384.98,0.06,28830482,1729828.94,64613.87,1794442.8
2024-09-10,MRKV,Electric Power,sell,0.06,288305,17298.29,-524.52,320860.46,0.06,28542178,1712530.65,81912.15,1794442.8
2024-09-11,MRKV,Electric Power,sell,0.06,285422,17125.31,-519.27,320341.19,0.06,28256756,1695405.34,99037.46,1794442.8
2024-09-16,MRKV,Electric Power,sell,0.06,282568,16954.05,-514.08,319827.1,0.06,27974188,1678451.29,115991.51,1794442.8
2024-09-18,MRKV,Electric Power,sell,0.06,279742,16784.51,-508.94,319318.16,0.06,27694446,1661666.78,132776.03,1794442.8
2024-09-26,MRKV,Electric Power,sell,0.07,276944,19386.11,2265.31,321583.48,0.06,27417502,1919225.13,152162.14,2071387.27
2024-09-27,MRKV,Electric Power,sell,0.07,274175,19192.25,2242.66,323826.14,0.06,27143327,1900032.88,171354.39,2071387.27
2024-10-02,MRKV,Electric Power,buy,0.06,571181,34270.88,0.0,323826.14,0.06,27714508,1662870.49,137083.51,1799954.0
2024-10-04,MRKV,Electric Power,buy,0.06,456945,27416.7,0.0,323826.14,0.06,28171453,1690287.19,109666.81,1799954.0
2024-10-07,MRKV,Electric Power,buy,0.06,365556,21933.36,0.0,323826.14,0.06,28537009,1712220.55,87733.45,1799954.0
2024-10-08,MRKV,Electric Power,buy,0.06,292445,17546.69,0.0,323826.14,0.06,28829454,1729767.24,70186.76,1799954.0
2024-10-09,MRKV,Electric Power,buy,0.06,233956,14037.35,0.0,323826.14,0.06,29063410,1743804.59,56149.41,1799954.0
2024-10-11,MRKV,Electric Power,buy,0.06,187165,11229.88,0.0,323826.14,0.06,29250575,1755034.47,44919.53,1799954.0
2024-10-17,MRKV,Electric Power,sell,0.06,292506,17550.34,-444.79,323381.34,0.06,28958069,1737484.13,62469.87,1799954.0
2024-10-24,MRKV,Electric Power,sell,0.06,289581,17374.84,-440.35,322941.0,0.06,28668488,1720109.29,79844.71,1799954.0
2024-10-25,MRKV,Electric Power,buy,0.06,266149,15968.94,0.0,322941.0,0.06,28934637,1736078.23,63875.77,1799954.0
2024-10-28,MRKV,Electric Power,buy,0.06,212919,12775.15,0.0,322941.0,0.06,29147556,1748853.38,51100.62,1799954.0
2024-10-31,MRKV,Electric Power,buy,0.06,170335,10220.12,0.0,322941.0,0.06,29317892,1759073.51,40880.49,1799954.0
2024-11-07,MRKV,Electric Power,sell,0.06,293179,17590.74,-423.41,322517.59,0.06,29024713,1741482.77,58471.23,1799954.0
2024-11-08,MRKV,Electric Power,sell,0.06,290247,17414.83,-419.17,322098.41,0.06,28734466,1724067.94,75886.06,1799954.0
2024-11-12,MRKV,Electric Power,sell,0.06,287345,17240.68,-414.98,321683.43,0.06,28447121,1706827.26,93126.73,1799954.0
2024-11-13,MRKV,Electric Power,sell,0.06,284471,17068.27,-410.83,321272.6,0.06,28162650,1689758.99,110195.01,1799954.0
2024-11-15,MRKV,Electric Power,sell,0.06,281626,16897.59,-406.72,320865.87,0.06,27881023,1672861.4,127092.6,1799954.0
2024-11-19,MRKV,Electric Power,buy,0.06,423642,25418.52,0.0,320865.87,0.06,28304665,1698279.92,101674.08,1799954.0
2024-11-25,MRKV,Electric Power,buy,0.06,338914,20334.82,0.0,320865.87,0.06,28643579,1718614.74,81339.26,1799954.0
2024-11-26,MRKV,Electric Power,buy,0.06,271131,16267.85,0.0,320865.87,0.06,28914710,1734882.59,65071.41,1799954.0
2024-11-27,MRKV,Electric Power,buy,0.06,216905,13014.28,0.0,320865.87,0.06,29131615,1747896.87,52057.13,1799954.0
2024-12-03,MRKV,Electric Power,buy,0.06,173524,10411.43,0.0,320865.87,0.06,29305138,1758308.3,41645.7,1799954.0
2024-12-04,MRKV,Electric Power,buy,0.06,138819,8329.14,0.0,320865.87,0.06,29443957,1766637.44,33316.56,1799954.0
2024-12-09,MRKV,Electric Power,sell,0.06,294440,17666.37,-374.31,320491.56,0.06,29149518,1748971.06,50982.94,1799954.0
2024-12-17,MRKV,Electric Power,buy,0.06,169943,10196.59,0.0,320491.56,0.06,29319461,1759167.65,40786.35,1799954.0
2024-12-20,MRKV,Electric Power,sell,0.06,293195,17591.68,-367.83,320123.73,0.06,29026266,1741575.97,58378.03,1799954.0
2024-12-23,MRKV,Electric Power,sell,0.06,290263,17415.76,-364.16,319759.57,0.06,28736004,1724160.21,75793.79,1799954.0
2024-12-28,MRKV,Electric Power,sell,0.06,287360,17241.6,-360.51,319399.06,0.06,28448644,1706918.61,93035.39,1799954.0
2024-12-30,MRKV,Electric Power,sell,0.06,284486,17069.19,-356.91,319042.15,0.06,28164157,1689849.43,110104.57,1799954.0
2025-01-03,MRKV,Electric Power,sell,0.06,281642,16898.49,-353.34,318688.81,0.06,27882516,1672950.93,127003.07,1799954.0
2025-01-08,MRKV,Electric Power,sell,0.07,278825,19517.76,2438.16,321126.97,0.06,27603690,1932258.33,146520.83,2078779.15
2025-01-09,MRKV,Electric Power,sell,0.07,276037,19322.58,2413.79,323540.76,0.06,27327653,1912935.74,165843.41,2078779.15
2025-01-10,MRKV,Electric Power,sell,0.07,273277,19129.36,2389.65,325930.41,0.06,27054377,1893806.39,184972.77,2078779.15
2025-01-13,MRKV,Electric Power,sell,0.07,270544,18938.06,2365.75,328296.16,0.06,26783833,1874868.32,203910.83,2078779.15
2025-01-15,MRKV,Electric Power,sell,0.07,267838,18748.68,2342.09,330638.25,0.06,26515995,1856119.64,222659.52,2078779.15
2025-01-16,MRKV,Electric Power,sell,0.07,265160,18561.2,2318.67,332956.92,0.06,26250835,1837558.44,241220.71,2078779.15
2025-01-17,MRKV,Electric Power,sell,0.07,262508,18375.58,2295.48,335252.41,0.06,25988327,1819182.86,259596.3,2078779.15
2025-01-20,MRKV,Electric Power,sell,0.07,259883,18191.83,2272.53,337524.93,0.06,25728443,1800991.03,277788.13,2078779.15
2025-01-22,MRKV,Electric Power,sell,0.07,257284,18009.91,2249.8,339774.74,0.06,25471159,1782981.12,295798.04,2078779.15
2025-01-28,MRKV,Electric Power,buy,0.07,845137,59159.61,0.0,339774.74,0.06,26316296,1842140.73,236638.43,2078779.15
2025-02-03,MRKV,Electric Power,buy,0.07,676110,47327.69,0.0,339774.74,0.06,26992406,1889468.41,189310.74,2078779.15
2025-02-10,MRKV,Electric Power,sell,0.07,269924,18894.68,2017.57,341792.31,0.06,26722482,1870573.73,208205.43,2078779.15
2025-02-11,MRKV,Electric Power,sell,0.07,267225,18705.74,1997.4,343789.7,0.06,26455257,1851867.99,226911.16,2078779.15
2025-02-12,MRKV,Electric Power,sell,0.07,264553,18518.68,1977.42,345767.12,0.06,26190704,1833349.31,245429.84,2078779.15
2025-02-13,MRKV,Electric Power,sell,0.07,261907,18333.49,1957.65,347724.77,0.06,25928797,1815015.82,263763.34,2078779.15
2025-02-17,MRKV,Electric Power,sell,0.07,259288,18150.16,1938.07,349662.84,0.06,25669509,1796865.66,281913.5,2078779.15
2025-02-18,MRKV,Electric Power,sell,0.07,256695,17968.66,1918.69,351581.53,0.06,25412814,1778897.0,299882.15,2078779.15
2025-02-19,MRKV,Electric Power,sell,0.08,254128,20330.25,4440.53,356022.05,0.06,25158686,2012694.89,320212.4,2332907.3
2025-02-20,MRKV,Electric Power,sell,0.08,251587,20126.95,4396.13,360418.18,0.06,24907099,1992567.95,340339.35,2332907.3
2025-02-21,MRKV,Electric Power,sell,0.08,249071,19925.68,4352.16,364770.34,0.06,24658028,1972642.27,360265.03,2332907.3
2025-02-24,MRKV,Electric Power,sell,0.08,246580,19726.42,4308.64,369078.98,0.06,24411448,1952915.84,379991.45,2332907.3
2025-02-25,MRKV,Electric Power,sell,0.08,244114,19529.16,4265.55,373344.52,0.06,24167334,1933386.68,399520.61,2332907.3
2025-02-26,MRKV,Electric Power,sell,0.08,241673,19333.87,4222.89,377567.41,0.06,23925660,1914052.82,418854.48,2332907.3
2025-03-13,MRKV,Electric Power,buy,0.07,1196727,83770.9,0.0,377567.41,0.06,25122387,1758567.11,335083.58,2093650.7
2025-03-27,MRKV,Electric Power,buy,0.07,957382,67016.72,0.0,377567.41,0.06,26079769,1825583.83,268066.87,2093650.7
2025-03-28,MRKV,Electric Power,buy,0.07,765905,53613.37,0.0,377567.41,0.06,26845674,1879197.2,214453.49,2093650.7
2025-03-31,MRKV,Electric Power,buy,0.07,612724,42890.7,0.0,377567.41,0.06,27458399,1922087.9,171562.8,2093650.7
2025-04-01,MRKV,Electric Power,buy,0.07,490179,34312.56,0.0,377567.41,0.07,27948578,1956400.46,137250.24,2093650.7
2025-04-02,MRKV,Electric Power,buy,0.07,392144,27450.05,0.0,377567.41,0.07,28340722,1983850.51,109800.19,2093650.7
2025-04-03,MRKV,Electric Power,buy,0.07,313715,21960.04,0.0,377567.41,0.07,28654436,2005810.54,87840.15,2093650.7
2025-04-04,MRKV,Electric Power,buy,0.07,250972,17568.03,0.0,377567.41,0.07,28905408,2023378.57,70272.12,2093650.7
2025-04-07,MRKV,Electric Power,buy,0.07,200777,14054.42,0.0,377567.41,0.07,29106186,2037433.0,56217.7,2093650.7
2025-04-08,MRKV,Electric Power,buy,0.07,160622,11243.54,0.0,377567.41,0.07,29266808,2048676.54,44974.16,2093650.7
2025-04-09,MRKV,Electric Power,buy,0.07,128498,8994.83,0.0,377567.41,0.07,29395305,2057671.37,35979.33,2093650.7
2025-04-21,MRKV,Electric Power,sell,0.07,293953,20576.71,1263.48,378830.9,0.07,29101352,2037094.66,56556.04,2093650.7
2025-04-22,MRKV,Electric Power,sell,0.07,291014,20370.95,1250.85,380081.74,0.07,28810339,2016723.71,76926.99,2093650.7
2025-04-25,MRKV,Electric Power,sell,0.07,288103,20167.24,1238.34,381320.08,0.07,28522235,1996556.47,97094.22,2093650.7
2025-04-28,MRKV,Electric Power,sell,0.07,285222,19965.56,1225.95,382546.03,0.07,28237013,1976590.91,117059.79,2093650.7
2025-04-30,MRKV,Electric Power,sell,0.08,282370,22589.61,4037.11,386583.14,0.07,27954643,2236371.43,139649.4,2376020.83
2025-05-07,MRKV,Electric Power,sell,0.08,279546,22363.71,3996.74,390579.88,0.07,27675096,2214007.71,162013.11,2376020.83
2025-05-08,MRKV,Electric Power,sell,0.08,276751,22140.08,3956.78,394536.66,0.07,27398345,2191867.64,184153.19,2376020.83
2025-05-12,MRKV,Electric Power,sell,0.08,273983,21918.68,3917.2,398453.86,0.07,27124362,2169948.96,206071.87,2376020.83
2025-05-13,MRKV,Electric Power,sell,0.08,271244,21699.49,3878.04,402331.9,0.07,26853118,2148249.47,227771.36,2376020.83
2025-05-14,MRKV,Electric Power,sell,0.08,268531,21482.49,3839.25,406171.15,0.07,26584587,2126766.98,249253.85,2376020.83
2025-05-15,MRKV,Electric Power,sell,0.08,265846,21267.67,3800.86,409972.01,0.07,26318741,2105499.31,270521.52,2376020.83
2025-05-16,MRKV,Electric Power,sell,0.08,263187,21054.99,3762.85,413734.86,0.07,26055554,2084444.31,291576.51,2376020.83
2025-05-19,MRKV,Electric Power,sell,0.08,260556,20844.44,3725.23,417460.09,0.07,25794998,2063599.87,312420.96,2376020.83
2025-05-20,MRKV,Electric Power,sell,0.09,257950,23215.5,6267.22,423727.31,0.07,25537048,2298334.35,335636.45,2633970.81
2025-05-21,MRKV,Electric Power,sell,0.09,255370,22983.34,6204.53,429931.84,0.07,25281678,2275351.01,358619.8,2633970.81
2025-05-22,MRKV,Electric Power,sell,0.09,252817,22753.51,6142.5,436074.34,0.07,25028861,2252597.5,381373.31,2633970.81
2025-05-23,MRKV,Electric Power,sell,0.09,250289,22525.98,6081.08,442155.42,0.07,24778573,2230071.53,403899.28,2633970.81
2025-05-26,MRKV,Electric Power,sell,0.09,247786,22300.72,6020.27,448175.69,0.07,24530787,2207770.81,426200.0,2633970.81
2025-05-27,MRKV,Electric Power,sell,0.09,245308,22077.71,5960.06,454135.75,0.07,24285479,2185693.1,448277.71,2633970.81
2025-05-28,MRKV,Electric Power,sell,0.09,242855,21856.93,5900.46,460036.22,0.07,24042624,2163836.17,470134.64,2633970.81
2025-05-29,MRKV,Electric Power,sell,0.09,240426,21638.36,5841.45,465877.67,0.07,23802198,2142197.81,491773.0,2633970.81
2025-05-30,MRKV,Electric Power,sell,0.09,238022,21421.98,5783.04,471660.71,0.07,23564176,2120775.83,513194.98,2633970.81
2025-06-02,MRKV,Electric Power,sell,0.09,235642,21207.76,5725.21,477385.92,0.07,23328534,2099568.07,534402.74,2633970.81
2025-06-03,MRKV,Electric Power,sell,0.09,233285,20995.68,5667.95,483053.87,0.07,23095249,2078572.39,555398.42,2633970.81
2025-06-04,MRKV,Electric Power,sell,0.09,230952,20785.72,5611.27,488665.13,0.07,22864296,2057786.67,576184.14,2633970.81
2025-06-05,MRKV,Electric Power,sell,0.09,228643,20577.87,5555.17,494220.3,0.07,22635653,2037208.8,596762.01,2633970.81
2025-06-06,MRKV,Electric Power,buy,0.09,1326138,119352.4,0.0,494220.3,0.07,23961791,2156561.2,477409.61,2633970.81
2025-06-09,MRKV,Electric Power,sell,0.09,239618,21565.61,4786.37,499006.67,0.07,23722173,2134995.59,498975.22,2633970.81
2025-06-10,MRKV,Electric Power,sell,0.09,237222,21349.96,4738.51,503745.19,0.07,23484952,2113645.64,520325.17,2633970.81
2025-06-11,MRKV,Electric Power,sell,0.09,234850,21136.46,4691.13,508436.32,0.07,23250102,2092509.18,541461.63,2633970.81
2025-06-13,MRKV,Electric Power,sell,0.09,232501,20925.09,4644.21,513080.53,0.07,23017601,2071584.09,562386.72,2633970.81
2025-06-19,MRKV,Electric Power,sell,0.09,230176,20715.84,4597.77,517678.3,0.07,22787425,2050868.25,583102.56,2633970.81
2025-06-20,MRKV,Electric Power,sell,0.1,227874,22787.42,6830.3,524508.6,0.07,22559551,2255955.07,605889.99,2861845.06
2025-06-23,MRKV,Electric Power,sell,0.1,225596,22559.55,6762.02,531270.62,0.07,22333955,2233395.52,628449.54,2861845.06
2025-06-24,MRKV,Electric Power,sell,0.1,223340,22333.96,6694.4,537965.02,0.07,22110616,2211061.56,650783.49,2861845.06
2025-06-25,MRKV,Electric Power,sell,0.09,221106,19899.55,4416.6,542381.62,0.07,21889509,1970055.85,670683.05,2640738.9
2025-06-26,MRKV,Electric Power,sell,0.1,218895,21889.51,6561.16,548942.78,0.07,21670614,2167061.44,692572.56,2859634.0
2025-06-27,MRKV,Electric Power,sell,0.1,216706,21670.61,6495.55,555438.33,0.07,21453908,2145390.83,714243.17,2859634.0
2025-06-30,MRKV,Electric Power,sell,0.1,214539,21453.91,6430.6,561868.93,0.07,21239369,2123936.92,735697.08,2859634.0
2025-07-01,MRKV,Electric Power,sell,0.1,212394,21239.37,6366.3,568235.23,0.07,21026975,2102697.55,756936.45,2859634.0
2025-07-04,MRKV,Electric Power,buy,0.09,1682081,151387.29,0.0,568235.23,0.08,22709056,2043815.08,605549.16,2649364.24
2025-07-09,MRKV,Electric Power,buy,0.09,1345665,121109.83,0.0,568235.23,0.08,24054721,2164924.91,484439.33,2649364.24
2025-07-15,MRKV,Electric Power,sell,0.1,240547,24054.72,5282.73,573517.96,0.08,23814174,2381417.41,508494.05,2889911.46
2025-07-16,MRKV,Electric Power,sell,0.1,238142,23814.17,5229.91,578747.87,0.08,23576032,2357603.23,532308.22,2889911.46
2025-07-17,MRKV,Electric Power,sell,0.1,235760,23576.03,5177.6,583925.46,0.08,23340272,2334027.2,555884.26,2889911.46
2025-07-18,MRKV,Electric Power,sell,0.11,233403,25674.3,7459.63,591385.09,0.08,23106869,2541755.62,581558.55,3123314.18
2025-07-21,MRKV,Electric Power,sell,0.1,231069,23106.87,5074.58,596459.67,0.08,22875801,2287580.06,604665.42,2892245.48
2025-07-22,MRKV,Electric Power,sell,0.11,228758,25163.38,7311.18,603770.85,0.08,22647043,2491174.68,629828.8,3121003.49
2025-07-23,MRKV,Electric Power,sell,0.11,226470,24911.75,7238.05,611008.9,0.08,22420572,2466262.94,654740.55,3121003.49
2025-07-24,MRKV,Electric Power,sell,0.11,224206,24662.63,7165.69,618174.59,0.08,22196366,2441600.31,679403.18,3121003.49
2025-07-25,MRKV,Electric Power,sell,0.11,221964,24416.0,7094.04,625268.63,0.08,21974403,2417184.3,703819.18,3121003.49
2025-07-28,MRKV,Electric Power,sell,0.11,219744,24171.84,7023.09,632291.72,0.08,21754659,2393012.46,727991.03,3121003.49
2025-07-31,MRKV,Electric Power,sell,0.11,217547,23930.12,6952.87,639244.59,0.08,21537112,2369082.34,751921.15,3121003.49
2025-08-01,MRKV,Electric Power,sell,0.12,215371,25844.53,9036.82,648281.4,0.08,21321741,2558608.92,777765.69,3336374.61
2025-08-04,MRKV,Electric Power,sell,0.12,213217,25586.09,8946.44,657227.84,0.08,21108524,2533022.83,803351.77,3336374.61
2025-08-05,MRKV,Electric Power,sell,0.13,211085,27441.08,10967.62,668195.46,0.08,20897438,2716666.99,830792.86,3547459.85
2025-08-06,MRKV,Electric Power,sell,0.12,208974,25076.93,8768.4,676963.87,0.08,20688464,2482615.68,855869.78,3338485.46
2025-08-07,MRKV,Electric Power,sell,0.13,206885,26895.0,10749.39,687713.26,0.08,20481579,2662605.32,882764.78,3545370.1
2025-08-08,MRKV,Electric Power,sell,0.13,204816,26626.05,10641.89,698355.15,0.08,20276764,2635979.26,909390.84,3545370.1
2025-08-11,MRKV,Electric Power,sell,0.13,202768,26359.79,10535.48,708890.64,0.08,20073996,2609619.47,935750.63,3545370.1
2024-11-28,T,Finance,init,2367.0,211,500000.0,0.0,0.0,0.0,211,500000.0,500000.0,1000000.0
2024-12-12,T,Finance,buy,2305.4,43,100000.0,0.0,0.0,2305.63,255,586987.75,400000.0,986987.75
2024-12-13,T,Finance,buy,2289.0,35,80000.0,0.0,0.0,2298.27,290,662812.07,320000.0,982812.07
2024-12-16,T,Finance,buy,2182.0,29,64000.0,0.0,0.0,2266.82,319,695828.72,256000.0,951828.72
2024-12-20,T,Finance,sell,2543.0,3,8109.5,827.79,827.79,2266.82,316,802840.29,264109.5,1066949.79
2024-12-23,T,Finance,sell,2624.4,3,8285.39,1071.96,1899.75,2266.82,313,820253.37,272394.89,1092648.26
2024-12-24,T,Finance,sell,2569.6,3,8031.26,907.58,2807.32,2266.82,309,795094.43,280426.14,1075520.58
2024-12-25,T,Finance,sell,2634.4,3,8151.45,1101.96,3909.28,2266.82,306,806993.62,288577.59,1095571.21
2024-12-26,T,Finance,sell,2625.8,3,8043.59,1076.16,4985.44,2266.82,303,796315.6,296621.18,1092936.78
2024-12-27,T,Finance,sell,2637.0,3,7997.12,1109.76,6095.2,2266.82,300,791715.05,304618.31,1096333.36
2024-12-28,T,Finance,sell,2662.8,3,7994.61,1187.15,7282.35,2266.82,297,791466.46,312612.92,1104079.38
2024-12-30,T,Finance,sell,2752.2,3,8180.39,1455.32,8737.67,2266.82,294,809858.51,320793.31,1130651.82
2025-01-06,T,Finance,sell,2714.0,3,7986.18,1340.73,10078.4,2266.82,291,790631.66,328779.48,1119411.14
2025-01-08,T,Finance,sell,2750.6,3,8012.94,1450.52,11528.93,2266.82,288,793280.89,336792.42,1130073.31
2025-01-10,T,Finance,sell,2900.0,3,8363.68,1898.68,13427.6,2266.82,286,828004.59,345156.11,1173160.69
2025-01-13,T,Finance,sell,2891.6,3,8256.06,1873.48,15301.09,2266.82,283,817350.17,353412.17,1170762.34
2025-01-14,T,Finance,sell,2938.0,3,8304.66,2012.67,17313.75,2266.82,280,822161.1,361716.83,1183877.93
2025-01-15,T,Finance,sell,2985.6,3,8354.81,2155.45,19469.2,2266.82,277,827126.53,370071.64,1197198.17
2025-01-16,T,Finance,sell,2980.8,3,8257.97,2141.05,21610.26,2266.82,274,817538.78,378329.61,1195868.39
2025-01-17,T,Finance,sell,3052.8,3,8372.86,2357.03,23967.29,2266.82,272,828913.23,386702.47,1215615.7
2025-01-20,T,Finance,sell,2969.8,3,8063.77,2108.06,26075.35,2266.82,269,798312.84,394766.23,1193079.08
2025-01-21,T,Finance,sell,3041.8,3,8176.67,2324.04,28399.38,2266.82,266,809490.51,402942.91,1212433.42
2025-01-23,T,Finance,sell,3022.2,3,8042.75,2265.24,30664.62,2266.82,263,796231.77,410985.65,1207217.42
2025-01-27,T,Finance,buy,2912.8,28,82197.13,0.0,30664.62,2498.81,292,849606.27,328788.52,1178394.79
2025-02-06,T,Finance,sell,3103.0,3,9050.84,1811.63,32476.25,2498.81,289,896033.02,337839.36,1233872.38
2025-02-07,T,Finance,sell,3105.0,3,8966.11,1817.63,34293.88,2498.81,286,887644.44,346805.46,1234449.91
2025-02-10,T,Finance,sell,3143.8,3,8987.36,1934.02,36227.9,2498.81,283,889749.06,355792.83,1245541.89
2025-02-11,T,Finance,sell,3176.0,3,8988.62,2030.61,38258.51,2498.81,280,889873.59,364781.45,1254655.04
2025-02-12,T,Finance,sell,3373.2,3,9451.26,2622.15,40880.66,2498.81,277,935675.18,374232.72,1309907.89
2025-02-13,T,Finance,sell,3328.0,3,9231.37,2486.56,43367.22,2498.81,275,913906.0,383464.09,1297370.09
2025-02-14,T,Finance,sell,3364.4,3,9239.02,2595.75,45962.97,2498.81,272,914662.83,392703.11,1307365.94
2025-02-17,T,Finance,sell,3492.0,3,9493.53,2978.51,48941.48,2498.81,269,939859.28,402196.64,1342055.92
2025-02-19,T,Finance,sell,3455.0,3,9299.01,2867.52,51809.01,2498.81,266,920601.86,411495.64,1332097.5
2025-02-20,T,Finance,sell,3436.6,3,9156.99,2812.33,54621.34,2498.81,264,906542.1,420652.64,1327194.73
2025-02-24,T,Finance,sell,3452.0,3,9106.04,2858.53,57479.86,2498.81,261,901498.42,429758.68,1331257.1
2025-02-26,T,Finance,buy,3324.8,26,85951.74,0.0,57479.86,2801.41,287,954231.56,343806.94,1298038.51
2025-02-27,T,Finance,buy,3241.6,21,68761.39,0.0,57479.86,2901.96,308,999114.2,275045.56,1274159.76
2025-03-03,T,Finance,buy,3215.2,17,55009.11,0.0,57479.86,2950.87,325,1045986.4,220036.44,1266022.84
2025-03-17,T,Finance,sell,3533.8,3,11496.35,1747.74,59227.61,2950.87,322,1138138.74,231532.8,1369671.53
2025-03-18,T,Finance,sell,3564.8,3,11481.23,1840.73,61068.34,2950.87,319,1136641.75,243014.02,1379655.77
2025-03-19,T,Finance,sell,3640.0,3,11606.19,2066.31,63134.65,2950.87,316,1149013.18,254620.22,1403633.4
2025-03-20,T,Finance,sell,3632.4,3,11466.14,2043.51,65178.17,2950.87,313,1135148.0,266086.36,1401234.36
2025-03-21,T,Finance,sell,3605.0,3,11265.85,1961.32,67139.49,2950.87,309,1115319.48,277352.21,1392671.69
2025-03-25,T,Finance,sell,3619.8,3,11198.98,2005.72,69145.21,2950.87,306,1108699.34,288551.2,1397250.53
2025-03-27,T,Finance,buy,3398.8,17,57710.24,0.0,69145.21,3021.43,323,1098720.05,230840.96,1329561.01
2025-03-28,T,Finance,buy,3304.0,14,46168.19,0.0,69145.21,3053.89,337,1114242.52,184672.77,1298915.29
2025-04-01,T,Finance,buy,3252.2,11,36934.55,0.0,69145.21,3070.32,349,1133708.02,147738.21,1281446.23
2025-04-03,T,Finance,buy,3272.4,9,29547.64,0.0,69145.21,3083.15,358,1170297.33,118190.57,1288487.9
2025-04-04,T,Finance,buy,3040.0,8,23638.11,0.0,69145.21,3080.86,365,1110823.02,94552.46,1205375.47
2025-04-07,T,Finance,buy,3096.6,6,18910.49,0.0,69145.21,3081.48,372,1150415.28,75641.96,1226057.24
2025-04-08,T,Finance,buy,2999.6,5,15128.39,0.0,69145.21,3078.95,377,1129507.28,60513.57,1190020.85
2025-04-17,T,Finance,sell,3225.0,4,12143.82,582.92,69728.13,3078.95,373,1202238.42,72657.39,1274895.82
2025-04-22,T,Finance,sell,3276.2,4,12213.25,787.7,70515.84,3078.95,369,1209111.87,84870.65,1293982.52
2025-04-30,T,Finance,buy,3169.8,5,16974.13,0.0,70515.84,3081.83,374,1186818.1,67896.52,1254714.62
2025-05-02,T,Finance,buy,3006.8,5,13579.3,0.0,70515.84,3079.54,379,1139367.89,54317.21,1193685.1
2025-05-05,T,Finance,buy,2946.2,4,10863.44,0.0,70515.84,3076.35,383,1127268.15,43453.77,1170721.92
2025-05-12,T,Finance,sell,3158.4,4,12084.6,326.92,70842.76,3076.35,379,1196375.02,55538.37,1251913.39
2025-05-13,T,Finance,sell,3162.0,4,11977.39,341.32,71184.08,3076.35,375,1185761.28,67515.75,1253277.04
2025-05-21,T,Finance,buy,3005.8,4,13503.15,0.0,71184.08,3074.63,380,1140688.88,54012.6,1194701.48
2025-05-28,T,Finance,sell,3225.0,4,12238.74,600.19,71784.28,3074.63,376,1211635.64,66251.35,1277886.99
2025-06-03,T,Finance,sell,3266.0,4,12270.39,764.18,72548.46,3074.63,372,1214768.99,78521.74,1293290.73
2025-06-04,T,Finance,sell,3286.6,4,12224.31,846.57,73395.03,3074.63,368,1210206.72,90746.05,1300952.77
2025-06-05,T,Finance,sell,3299.0,4,12147.73,896.16,74291.19,3074.63,365,1202624.98,102893.78,1305518.76
2025-06-10,T,Finance,buy,3154.0,7,20578.76,0.0,74291.19,3078.25,371,1170345.11,82315.02,1252660.13
2025-06-13,T,Finance,buy,3133.6,5,16463.0,0.0,74291.19,3080.0,376,1179238.35,65852.02,1245090.36
2025-06-25,T,Finance,sell,3240.6,4,12195.05,641.1,74932.29,3080.0,373,1207309.61,78047.06,1285356.67
2025-06-26,T,Finance,sell,3235.6,4,12054.47,621.1,75553.39,3080.0,369,1193392.35,90101.53,1283493.88
2025-06-27,T,Finance,sell,3260.0,4,12023.92,718.69,76272.08,3080.0,365,1190367.93,102125.45,1292493.38
2025-06-30,T,Finance,sell,3268.0,4,11932.89,750.69,77022.76,3080.0,361,1181356.19,114058.34,1295414.53
2025-07-01,T,Finance,sell,3278.8,4,11852.6,793.88,77816.65,3080.0,358,1173407.7,125910.94,1299318.64
2025-07-04,T,Finance,buy,3217.4,8,25182.19,0.0,77816.65,3087.5,366,1176616.23,100728.76,1277344.99
2025-07-07,T,Finance,buy,3188.0,6,20145.75,0.0,77816.65,3091.45,372,1186010.28,80583.0,1266593.29
2025-07-08,T,Finance,buy,3157.0,5,16116.6,0.0,77816.65,3093.53,377,1190594.16,64466.4,1255060.56
2025-07-11,T,Finance,buy,3119.4,4,12893.28,0.0,77816.65,3094.18,381,1189307.42,51573.12,1240880.54
2025-07-15,T,Finance,sell,3316.8,4,12645.68,889.15,78705.8,3094.18,377,1251922.77,64218.81,1316141.58
2025-07-16,T,Finance,sell,3351.0,4,12648.32,1025.94,79731.73,3094.18,374,1252183.21,76867.12,1329050.33
2025-07-21,T,Finance,sell,3358.0,4,12547.99,1053.93,80785.67,3094.18,370,1242250.94,89415.11,1331666.05
2025-07-25,T,Finance,buy,3250.0,6,17883.02,0.0,80785.67,3100.19,375,1220180.69,71532.09,1291712.78
2025-07-28,T,Finance,buy,3170.0,5,14306.42,0.0,80785.67,3102.36,380,1204451.89,57225.67,1261677.56
2025-07-29,T,Finance,buy,3167.8,4,11445.13,0.0,80785.67,3103.96,384,1215061.13,45780.54,1260841.66
2025-07-30,T,Finance,buy,3142.2,3,9156.11,0.0,80785.67,3104.65,386,1214397.94,36624.43,1251022.37
2025-07-31,T,Finance,buy,3156.6,2,7324.89,0.0,80785.67,3105.26,389,1227288.14,29299.54,1256587.68
2025-08-01,T,Finance,buy,3144.4,2,5859.91,0.0,80785.67,3105.72,391,1228404.68,23439.64,1251844.31
2025-08-06,T,Finance,sell,3296.4,4,12877.86,761.4,81547.06,3105.72,387,1274907.79,36317.49,1311225.28
2025-08-07,T,Finance,sell,3330.0,4,12879.03,895.79,82442.85,3105.72,383,1275023.82,49196.52,1324220.34
2025-08-08,T,Finance,sell,3367.8,4,12894.97,1046.97,83489.82,3105.72,379,1276602.09,62091.49,1338693.58
