date,avg_symbol_capital,total_capital
2022-08-29,0.0,2999979.3
2022-08-30,0.0,2999979.3
2022-08-31,1800.0,3005379.3
2022-09-01,1800.0,3005379.3
2022-09-02,1800.0,3005379.3
2022-09-03,1800.0,3005379.3
2022-09-04,1800.0,3005379.3
2022-09-05,3900.0,3011679.3
2022-09-06,4493.31,3013459.24
2022-09-07,4493.31,3013459.24
2022-09-08,3769.81,3011288.74
2022-09-09,2301.37,3006883.41
2022-09-10,2301.37,3006883.41
2022-09-11,2301.37,3006883.41
2022-09-12,2301.37,3006883.41
2022-09-13,2301.37,3006883.41
2022-09-14,2601.37,3007783.41
2022-09-15,4101.37,3012283.41
2022-09-16,7401.37,3022183.41
2022-09-17,7401.37,3022183.41
2022-09-18,7401.37,3022183.41
2022-09-19,18036.22,3054087.96
2022-09-20,-336.39,2998970.12
2022-09-21,-15380.7,2953837.2
2022-09-22,-12478.91,2962542.56
2022-09-23,-28162.34,2915492.29
2022-09-24,-28162.34,2915492.29
2022-09-25,-28162.34,2915492.29
2022-09-26,-94919.49,2715220.82
2022-09-27,-94919.49,2715220.82
2022-09-28,-86716.0,2739831.3
2022-09-29,-86331.99,2740983.34
2022-09-30,-88555.87,2734311.7
2022-10-01,-88555.87,2734311.7
2022-10-02,-88555.87,2734311.7
2022-10-03,-88555.87,2734311.7
2022-10-04,-88555.87,2734311.7
2022-10-05,-97560.05,2707299.15
2022-10-06,-98204.94,2705364.48
2022-10-07,-113841.43,2658455.0
2022-10-08,-113841.43,2658455.0
2022-10-09,-113841.43,2658455.0
2022-10-10,-115076.13,2654750.9
2022-10-11,-115076.13,2654750.9
2022-10-12,-115076.13,2654750.9
2022-10-13,-96876.13,2709350.9
2022-10-14,-86476.13,2740550.9
2022-10-15,-86476.13,2740550.9
2022-10-16,-86476.13,2740550.9
2022-10-17,-3684.93,2988924.52
2022-10-18,-2384.93,2992824.52
2022-10-19,-2512.71,2992441.17
2022-10-20,9075.21,3027204.94
2022-10-21,15248.27,3045724.1
2022-10-22,15248.27,3045724.1
2022-10-23,15248.27,3045724.1
2022-10-24,13639.66,3040898.27
2022-10-25,45370.69,3136091.37
2022-10-26,43178.56,3129514.98
2022-10-27,48412.44,3145216.61
2022-10-28,48310.59,3144911.08
2022-10-29,48310.59,3144911.08
2022-10-30,48310.59,3144911.08
2022-10-31,50776.36,3152308.37
2022-11-01,61038.91,3183096.02
2022-11-02,61038.91,3183096.02
2022-11-03,61038.91,3183096.02
2022-11-04,61038.91,3183096.02
2022-11-05,61038.91,3183096.02
2022-11-06,61038.91,3183096.02
2022-11-07,75348.01,3226023.32
2022-11-08,76019.26,3228037.09
2022-11-09,78450.98,3235332.25
2022-11-10,96655.38,3289945.44
2022-11-11,99114.18,3297321.85
2022-11-12,99114.18,3297321.85
2022-11-13,99114.18,3297321.85
2022-11-14,119423.42,3358249.56
2022-11-15,119423.42,3358249.56
2022-11-16,119423.42,3358249.56
2022-11-17,119423.42,3358249.56
2022-11-18,106421.93,3319245.08
2022-11-19,106421.93,3319245.08
2022-11-20,106421.93,3319245.08
2022-11-21,132388.59,3397145.08
2022-11-22,132388.59,3397145.08
2022-11-23,132388.59,3397145.08
2022-11-24,132388.59,3397145.08
2022-11-25,113893.65,3341660.24
2022-11-26,113893.65,3341660.24
2022-11-27,113893.65,3341660.24
2022-11-28,119236.05,3357687.45
2022-11-29,119236.05,3357687.45
2022-11-30,119236.05,3357687.45
2022-12-01,131536.05,3394587.45
2022-12-02,131536.05,3394587.45
2022-12-03,131536.05,3394587.45
2022-12-04,131536.05,3394587.45
2022-12-05,148509.01,3445506.34
2022-12-06,148509.01,3445506.34
2022-12-07,124602.03,3373785.39
2022-12-08,124601.23,3373782.98
2022-12-09,124601.23,3373782.98
2022-12-10,124601.23,3373782.98
2022-12-11,124601.23,3373782.98
2022-12-12,116719.14,3350136.71
2022-12-13,116166.62,3348479.15
2022-12-14,97664.46,3292972.68
2022-12-15,85713.89,3257120.98
2022-12-16,90100.32,3270280.25
2022-12-17,90100.32,3270280.25
2022-12-18,90100.32,3270280.25
2022-12-19,70962.79,3212867.68
2022-12-20,69462.01,3208365.33
2022-12-21,69462.01,3208365.33
2022-12-22,66394.57,3199163.0
2022-12-23,64827.13,3194460.68
2022-12-24,64827.13,3194460.68
2022-12-25,64827.13,3194460.68
2022-12-26,82462.58,3247367.05
2022-12-27,82462.58,3247367.05
2022-12-28,82462.58,3247367.05
2022-12-29,82487.39,3247441.47
2022-12-30,82960.33,3248860.28
2022-12-31,82960.33,3248860.28
2023-01-01,82960.33,3248860.28
2023-01-02,82960.33,3248860.28
2023-01-03,110613.22,3331818.96
2023-01-04,110134.22,3330381.96
2023-01-05,110844.88,3332513.95
2023-01-06,125244.88,3375713.95
2023-01-07,125244.88,3375713.95
2023-01-08,125244.88,3375713.95
2023-01-09,126758.16,3380253.79
2023-01-10,127748.79,3383225.67
2023-01-11,156826.03,3470457.4
2023-01-12,157120.46,3471340.67
2023-01-13,170400.1,3511179.59
2023-01-14,170400.1,3511179.59
2023-01-15,170400.1,3511179.59
2023-01-16,197767.98,3593283.23
2023-01-17,197767.98,3593283.23
2023-01-18,197767.98,3593283.23
2023-01-19,197767.98,3593283.23
2023-01-20,193486.28,3580438.14
2023-01-21,193486.28,3580438.14
2023-01-22,193486.28,3580438.14
2023-01-23,206828.83,3620465.78
2023-01-24,202635.78,3607886.65
2023-01-25,209622.07,3628845.51
2023-01-26,207785.74,3623336.53
2023-01-27,213135.41,3639385.54
2023-01-28,213135.41,3639385.54
2023-01-29,213135.41,3639385.54
2023-01-30,203474.28,3610402.15
2023-01-31,216078.38,3648214.44
2023-02-01,232698.67,3698075.32
2023-02-02,235285.5,3705835.81
2023-02-03,239281.63,3717824.18
2023-02-04,239281.63,3717824.18
2023-02-05,239281.63,3717824.18
2023-02-06,253055.3,3759145.19
2023-02-07,254276.14,3762807.72
2023-02-08,254276.14,3762807.72
2023-02-09,243902.9,3731688.01
2023-02-10,244347.96,3733023.18
2023-02-11,244347.96,3733023.18
2023-02-12,244347.96,3733023.18
2023-02-13,244347.96,3733023.18
2023-02-14,237743.76,3713210.58
2023-02-15,206268.65,3618785.26
2023-02-16,193766.28,3581278.13
2023-02-17,194112.2,3582315.89
2023-02-18,194112.2,3582315.89
2023-02-19,194112.2,3582315.89
2023-02-20,188010.4,3564010.49
2023-02-21,228984.06,3686931.49
2023-02-22,228984.06,3686931.49
2023-02-23,228984.06,3686931.49
2023-02-24,252962.75,3758867.54
2023-02-25,252962.75,3758867.54
2023-02-26,252962.75,3758867.54
2023-02-27,279446.28,3838318.15
2023-02-28,279746.36,3839218.37
2023-03-01,286268.94,3858786.13
2023-03-02,286268.94,3858786.13
2023-03-03,287606.49,3862798.77
2023-03-04,287606.49,3862798.77
2023-03-05,287606.49,3862798.77
2023-03-06,294917.32,3884731.25
2023-03-07,346100.12,4038279.65
2023-03-08,346100.12,4038279.65
2023-03-09,414433.45,4243279.65
2023-03-10,431100.12,4293279.65
2023-03-11,431100.12,4293279.65
2023-03-12,431100.12,4293279.65
2023-03-13,419433.45,4258279.65
2023-03-14,420447.49,4261321.77
2023-03-15,417944.07,4253811.5
2023-03-16,418246.66,4254719.28
2023-03-17,454514.18,4363521.84
2023-03-18,454514.18,4363521.84
2023-03-19,454514.18,4363521.84
2023-03-20,474584.22,4423731.95
2023-03-21,473780.35,4421320.36
2023-03-22,472945.76,4418816.59
2023-03-23,472349.96,4417029.19
2023-03-24,474231.9,4422674.99
2023-03-25,474231.9,4422674.99
2023-03-26,474231.9,4422674.99
2023-03-27,496012.99,4488018.28
2023-03-28,501882.95,4505628.15
2023-03-29,506864.34,4520572.33
2023-03-30,516096.16,4548267.78
2023-03-31,485539.45,4456597.64
2023-04-01,485539.45,4456597.64
2023-04-02,485539.45,4456597.64
2023-04-03,496861.62,4490564.16
2023-04-04,510461.62,4531364.16
2023-04-05,515561.62,4546664.16
2023-04-06,515561.62,4546664.16
2023-04-07,515561.62,4546664.16
2023-04-08,515561.62,4546664.16
2023-04-09,515561.62,4546664.16
2023-04-10,528107.91,4584303.02
2023-04-11,543407.91,4630203.02
2023-04-12,517567.65,4552682.24
2023-04-13,512286.63,4536839.2
2023-04-14,509541.87,4528604.9
2023-04-15,509541.87,4528604.9
2023-04-16,509541.87,4528604.9
2023-04-17,520362.98,4561068.25
2023-04-18,528204.26,4584592.08
2023-04-19,528697.54,4586071.92
2023-04-20,534309.3,4602907.2
2023-04-21,548487.98,4645443.24
2023-04-22,548487.98,4645443.24
2023-04-23,548487.98,4645443.24
2023-04-24,519470.91,4558392.02
2023-04-25,519797.52,4559371.86
2023-04-26,519651.46,4558933.67
2023-04-27,527935.14,4583784.71
2023-04-28,515125.45,4545355.65
2023-04-29,515125.45,4545355.65
2023-04-30,515125.45,4545355.65
2023-05-01,515125.45,4545355.65
2023-05-02,515732.66,4547177.27
2023-05-03,477257.15,4431750.74
2023-05-04,466133.27,4398379.11
2023-05-05,458048.33,4374124.3
2023-05-06,458048.33,4374124.3
2023-05-07,458048.33,4374124.3
2023-05-08,455507.62,4366502.17
2023-05-09,455507.62,4366502.17
2023-05-10,431312.58,4293917.05
2023-05-11,435263.29,4305769.17
2023-05-12,435203.34,4305589.31
2023-05-13,435203.34,4305589.31
2023-05-14,435203.34,4305589.31
2023-05-15,435203.34,4305589.31
2023-05-16,468676.6,4406009.11
2023-05-17,468676.6,4406009.11
2023-05-18,468676.6,4406009.11
2023-05-19,469886.2,4409637.91
2023-05-20,469886.2,4409637.91
2023-05-21,469886.2,4409637.91
2023-05-22,475517.96,4426533.19
2023-05-23,488365.28,4465075.15
2023-05-24,504759.99,4514259.27
2023-05-25,500188.22,4500543.95
2023-05-26,506191.87,4518554.91
2023-05-27,506191.87,4518554.91
2023-05-28,506191.87,4518554.91
2023-05-29,515267.78,4545782.63
2023-05-30,515267.78,4545782.63
2023-05-31,515267.78,4545782.63
2023-06-01,515267.78,4545782.63
2023-06-02,515267.78,4545782.63
2023-06-03,515267.78,4545782.63
2023-06-04,515267.78,4545782.63
2023-06-05,488152.66,4464437.28
2023-06-06,492327.07,4476960.5
2023-06-07,520131.61,4560374.14
2023-06-08,522550.33,4567630.28
2023-06-09,522659.2,4567956.91
2023-06-10,522659.2,4567956.91
2023-06-11,522659.2,4567956.91
2023-06-12,522659.2,4567956.91
2023-06-13,534665.3,4603975.21
2023-06-14,540559.06,4621656.49
2023-06-15,555442.99,4666308.26
2023-06-16,552918.58,4658735.05
2023-06-17,552918.58,4658735.05
2023-06-18,552918.58,4658735.05
2023-06-19,549818.18,4649433.83
2023-06-20,547951.51,4643833.83
2023-06-21,551458.77,4654355.61
2023-06-22,542307.99,4626903.26
2023-06-23,512622.15,4537845.75
2023-06-24,512622.15,4537845.75
2023-06-25,512622.15,4537845.75
2023-06-26,512622.15,4537845.75
2023-06-27,512622.15,4537845.75
2023-06-28,512622.15,4537845.75
2023-06-29,512622.15,4537845.75
2023-06-30,512622.15,4537845.75
2023-07-01,512622.15,4537845.75
2023-07-02,512622.15,4537845.75
2023-07-03,526900.94,4580682.12
2023-07-04,523819.85,4571438.85
2023-07-05,523819.85,4571438.85
2023-07-06,523819.85,4571438.85
2023-07-07,524559.16,4573656.78
2023-07-08,524559.16,4573656.78
2023-07-09,524559.16,4573656.78
2023-07-10,544369.62,4633088.15
2023-07-11,566523.39,4699549.46
2023-07-12,567081.25,4701223.04
2023-07-13,565754.77,4697243.61
2023-07-14,573212.96,4719618.19
2023-07-15,573212.96,4719618.19
2023-07-16,573212.96,4719618.19
2023-07-17,591520.54,4774540.92
2023-07-18,614822.28,4844446.15
2023-07-19,614822.28,4844446.15
2023-07-20,603651.43,4810933.59
2023-07-21,603226.34,4809658.32
2023-07-22,603226.34,4809658.32
2023-07-23,603226.34,4809658.32
2023-07-24,643741.06,4931202.48
2023-07-25,677864.38,5033572.44
2023-07-26,691481.89,5074424.98
2023-07-27,690143.79,5070410.68
2023-07-28,698395.57,5095166.02
2023-07-29,698395.57,5095166.02
2023-07-30,698395.57,5095166.02
2023-07-31,736957.22,5210850.95
2023-08-01,740028.17,5220063.81
2023-08-02,744789.73,5234348.48
2023-08-03,803020.77,5409041.6
2023-08-04,794846.07,5384517.52
2023-08-05,794846.07,5384517.52
2023-08-06,794846.07,5384517.52
2023-08-07,811646.07,5434917.52
2023-08-08,827538.36,5482594.39
2023-08-09,851582.82,5554727.77
2023-08-10,892718.77,5678135.61
2023-08-11,881518.21,5644533.94
2023-08-12,881518.21,5644533.94
2023-08-13,881518.21,5644533.94
2023-08-14,863840.86,5591501.89
2023-08-15,863775.16,5591304.78
2023-08-16,854096.63,5562269.18
2023-08-17,854096.63,5562269.18
2023-08-18,856740.0,5570199.29
2023-08-19,856740.0,5570199.29
2023-08-20,856740.0,5570199.29
2023-08-21,876190.19,5628549.87
2023-08-22,897759.2,5693256.89
2023-08-23,898615.56,5695825.98
2023-08-24,898615.56,5695825.98
2023-08-25,907948.89,5723825.98
2023-08-26,907948.89,5723825.98
2023-08-27,907948.89,5723825.98
2023-08-28,932191.85,5796554.84
2023-08-29,952725.18,5858154.84
2023-08-30,948991.85,5846954.84
2023-08-31,948991.85,5846954.84
2023-09-01,960191.85,5880554.84
2023-09-02,960191.85,5880554.84
2023-09-03,960191.85,5880554.84
2023-09-04,1009773.07,6029298.51
2023-09-05,994839.74,5984498.51
2023-09-06,1004173.07,6012498.51
2023-09-07,946723.35,5840149.35
2023-09-08,938236.59,5814689.07
2023-09-09,938236.59,5814689.07
2023-09-10,938236.59,5814689.07
2023-09-11,861117.98,5583333.25
2023-09-12,861117.98,5583333.25
2023-09-13,861117.98,5583333.25
2023-09-14,841783.43,5525329.58
2023-09-15,841782.2,5525325.91
2023-09-16,841782.2,5525325.91
2023-09-17,841782.2,5525325.91
2023-09-18,831781.0,5495322.29
2023-09-19,821383.28,5464129.15
2023-09-20,812114.95,5436324.16
2023-09-21,775679.59,5327018.06
2023-09-22,750479.59,5251418.06
2023-09-23,750479.59,5251418.06
2023-09-24,750479.59,5251418.06
2023-09-25,752579.59,5257718.06
2023-09-26,752579.59,5257718.06
2023-09-27,746279.59,5238818.06
2023-09-28,768710.73,5306111.5
2023-09-29,776040.28,5328100.13
2023-09-30,776040.28,5328100.13
2023-10-01,776040.28,5328100.13
2023-10-02,776040.28,5328100.13
2023-10-03,769740.28,5309200.13
2023-10-04,769740.28,5309200.13
2023-10-05,769740.28,5309200.13
2023-10-06,774997.98,5324973.24
2023-10-07,774997.98,5324973.24
2023-10-08,774997.98,5324973.24
2023-10-09,799362.5,5398066.8
2023-10-10,860190.86,5580551.89
2023-10-11,858090.86,5574251.89
2023-10-12,858090.86,5574251.89
2023-10-13,859815.65,5579426.26
2023-10-14,859815.65,5579426.26
2023-10-15,859815.65,5579426.26
2023-10-16,873234.45,5619682.64
2023-10-17,877186.81,5631539.73
2023-10-18,877186.81,5631539.73
2023-10-19,886621.25,5659843.06
2023-10-20,886163.5,5658469.8
2023-10-21,886163.5,5658469.8
2023-10-22,886163.5,5658469.8
2023-10-23,886841.69,5660504.36
2023-10-24,889461.88,5668364.94
2023-10-25,894916.73,5684729.49
2023-10-26,875913.62,5627720.15
2023-10-27,873455.11,5620344.63
2023-10-28,873455.11,5620344.63
2023-10-29,873455.11,5620344.63
2023-10-30,866128.72,5598365.45
2023-10-31,855328.52,5565964.85
2023-11-01,832095.82,5496266.76
2023-11-02,832095.82,5496266.76
2023-11-03,832095.82,5496266.76
2023-11-04,832095.82,5496266.76
2023-11-05,832095.82,5496266.76
2023-11-06,831414.66,5494223.29
2023-11-07,844665.72,5533976.45
2023-11-08,855870.72,5567591.46
2023-11-09,842734.5,5528182.81
2023-11-10,850198.6,5550575.09
2023-11-11,850198.6,5550575.09
2023-11-12,850198.6,5550575.09
2023-11-13,858089.38,5574247.44
2023-11-14,828689.38,5486047.44
2023-11-15,826456.8,5479349.69
2023-11-16,841972.82,5525897.76
2023-11-17,843068.84,5529185.83
2023-11-18,843068.84,5529185.83
2023-11-19,843068.84,5529185.83
2023-11-20,864117.27,5592331.12
2023-11-21,893679.18,5681016.83
2023-11-22,897066.92,5691180.06
2023-11-23,907385.52,5722135.85
2023-11-24,898208.46,5694604.69
2023-11-25,898208.46,5694604.69
2023-11-26,898208.46,5694604.69
2023-11-27,891908.46,5675704.69
2023-11-28,878127.53,5634361.88
2023-11-29,871648.26,5614924.07
2023-11-30,873159.44,5619457.62
2023-12-01,826116.99,5478330.28
2023-12-02,826116.99,5478330.28
2023-12-03,826116.99,5478330.28
2023-12-04,800223.27,5400649.1
2023-12-05,793923.27,5381749.1
2023-12-06,773500.96,5320482.18
2023-12-07,761138.37,5283394.4
2023-12-08,748632.87,5245877.91
2023-12-09,748632.87,5245877.91
2023-12-10,748632.87,5245877.91
2023-12-11,680341.44,5041003.62
2023-12-12,654756.67,4964249.31
2023-12-13,654756.67,4964249.31
2023-12-14,652422.94,4957248.11
2023-12-15,652422.94,4957248.11
2023-12-16,652422.94,4957248.11
2023-12-17,652422.94,4957248.11
2023-12-18,652422.94,4957248.11
2023-12-19,736422.94,5209248.11
2023-12-20,736422.94,5209248.11
2023-12-21,736422.94,5209248.11
2023-12-22,772222.0,5316645.29
2023-12-23,772222.0,5316645.29
2023-12-24,772222.0,5316645.29
2023-12-25,771689.45,5315047.65
2023-12-26,773651.33,5320933.3
2023-12-27,814705.7,5444096.41
2023-12-28,839862.22,5519565.96
2023-12-29,841100.9,5523281.99
2023-12-30,841100.9,5523281.99
2023-12-31,841100.9,5523281.99
2024-01-01,841100.9,5523281.99
2024-01-02,841100.9,5523281.99
2024-01-03,833185.02,5499534.35
2024-01-04,830827.62,5492462.17
2024-01-05,830827.62,5492462.17
2024-01-06,830827.62,5492462.17
2024-01-07,830827.62,5492462.17
2024-01-08,843257.28,5529751.14
2024-01-09,855028.71,5565065.42
2024-01-10,862090.12,5586249.67
2024-01-11,868767.54,5606281.91
2024-01-12,867191.95,5601555.15
2024-01-13,867191.95,5601555.15
2024-01-14,867191.95,5601555.15
2024-01-15,901423.34,5704249.33
2024-01-16,901423.34,5704249.33
2024-01-17,904273.46,5712799.69
2024-01-18,861835.58,5585486.03
2024-01-19,861515.07,5584524.51
2024-01-20,861515.07,5584524.51
2024-01-21,861515.07,5584524.51
2024-01-22,861515.07,5584524.51
2024-01-23,854319.86,5562938.88
2024-01-24,844467.97,5533383.22
2024-01-25,840323.19,5520948.86
2024-01-26,839946.25,5519818.04
2024-01-27,839946.25,5519818.04
2024-01-28,839946.25,5519818.04
2024-01-29,846207.24,5538601.02
2024-01-30,847769.56,5543287.98
2024-01-31,855287.19,5565840.88
2024-02-01,857311.27,5571913.1
2024-02-02,857030.94,5571072.12
2024-02-03,857030.94,5571072.12
2024-02-04,857030.94,5571072.12
2024-02-05,859568.37,5578684.4
2024-02-06,861463.72,5584370.47
2024-02-07,876543.13,5629608.7
2024-02-08,855515.43,5566525.6
2024-02-09,845077.61,5535212.14
2024-02-10,845077.61,5535212.14
2024-02-11,845077.61,5535212.14
2024-02-12,893954.01,5681841.34
2024-02-13,929118.57,5787335.02
2024-02-14,933440.23,5800299.98
2024-02-15,932891.59,5798654.07
2024-02-16,930165.86,5790476.88
2024-02-17,930165.86,5790476.88
2024-02-18,930165.86,5790476.88
2024-02-19,925965.86,5777876.88
2024-02-20,912468.13,5737383.68
2024-02-21,895689.07,5687046.52
2024-02-22,895689.07,5687046.52
2024-02-23,895689.07,5687046.52
2024-02-24,895689.07,5687046.52
2024-02-25,895689.07,5687046.52
2024-02-26,916547.16,5749620.79
2024-02-27,928331.1,5784972.61
2024-02-28,926628.76,5779865.59
2024-02-29,937525.7,5812556.39
2024-03-01,964263.94,5892771.13
2024-03-02,964263.94,5892771.13
2024-03-03,964263.94,5892771.13
2024-03-04,999122.15,5997345.74
2024-03-05,997486.8,5992439.71
2024-03-06,996036.03,5988087.38
2024-03-07,1001632.4,6004876.5
2024-03-08,1001632.4,6004876.5
2024-03-09,1001632.4,6004876.5
2024-03-10,1001632.4,6004876.5
2024-03-11,1000375.18,6001104.84
2024-03-12,1002638.23,6007893.98
2024-03-13,1002638.23,6007893.98
2024-03-14,959170.62,5877491.15
2024-03-15,952870.62,5858591.15
2024-03-16,952870.62,5858591.15
2024-03-17,952870.62,5858591.15
2024-03-18,975912.44,5927716.63
2024-03-19,983303.43,5949889.6
2024-03-20,1008357.9,6025052.99
2024-03-21,1014794.86,6044363.87
2024-03-22,1008802.21,6026385.93
2024-03-23,1008802.21,6026385.93
2024-03-24,1008802.21,6026385.93
2024-03-25,1009212.83,6027617.8
2024-03-26,1043934.78,6131783.63
2024-03-27,1060554.03,6181641.4
2024-03-28,1091937.95,6275793.15
2024-03-29,1090343.23,6271008.98
2024-03-30,1090343.23,6271008.98
2024-03-31,1090343.23,6271008.98
2024-04-01,1249329.0,6747966.3
2024-04-02,1201605.37,6604795.42
2024-04-03,1256895.48,6770665.75
2024-04-04,1254910.96,6764712.19
2024-04-05,1259583.18,6778728.83
2024-04-06,1259583.18,6778728.83
2024-04-07,1259583.18,6778728.83
2024-04-08,1262938.65,6788795.25
2024-04-09,1262938.65,6788795.25
2024-04-10,1262938.65,6788795.25
2024-04-11,1262938.65,6788795.25
2024-04-12,1232818.85,6698435.86
2024-04-13,1232818.85,6698435.86
2024-04-14,1232818.85,6698435.86
2024-04-15,1234592.6,6703757.1
2024-04-16,1230984.09,6692931.58
2024-04-17,1264374.82,6793103.76
2024-04-18,1285336.52,6855988.86
2024-04-19,1303863.7,6911570.41
2024-04-20,1303863.7,6911570.41
2024-04-21,1303863.7,6911570.41
2024-04-22,1332807.05,6998400.45
2024-04-23,1332807.05,6998400.45
2024-04-24,1332807.05,6998400.45
2024-04-25,1331955.72,6995846.45
2024-04-26,1343735.87,7031186.91
2024-04-27,1349100.02,7047279.36
2024-04-28,1349100.02,7047279.36
2024-04-29,1367765.29,7103275.18
2024-04-30,1368761.9,7106265.0
2024-05-01,1368761.9,7106265.0
2024-05-02,1354019.05,7062036.46
2024-05-03,1351862.33,7055566.28
2024-05-04,1351862.33,7055566.28
2024-05-05,1351862.33,7055566.28
2024-05-06,1365283.51,7095829.84
2024-05-07,1378499.58,7135478.05
2024-05-08,1383344.56,7150012.99
2024-05-09,1383344.56,7150012.99
2024-05-10,1436437.23,7309290.98
2024-05-11,1436437.23,7309290.98
2024-05-12,1436437.23,7309290.98
2024-05-13,1457676.42,7373008.57
2024-05-14,1546314.14,7638921.73
2024-05-15,1549536.69,7648589.38
2024-05-16,1556019.17,7668036.8
2024-05-17,1561314.92,7683924.05
2024-05-18,1561314.92,7683924.05
2024-05-19,1561314.92,7683924.05
2024-05-20,1563689.48,7691047.73
2024-05-21,1563689.48,7691047.73
2024-05-22,1553740.82,7661201.75
2024-05-23,1643135.58,7929386.03
2024-05-24,1619677.14,7859010.71
2024-05-25,1619677.14,7859010.71
2024-05-26,1619677.14,7859010.71
2024-05-27,1611291.55,7833853.95
2024-05-28,1676391.55,8029153.95
2024-05-29,1661691.55,7985053.95
2024-05-30,1648598.95,7945776.16
2024-05-31,1614746.77,7844219.61
2024-06-01,1614746.77,7844219.61
2024-06-02,1614746.77,7844219.61
2024-06-03,1390407.85,7171202.84
2024-06-04,1388273.14,7164798.71
2024-06-05,1392605.09,7177794.56
2024-06-06,1348603.77,7045790.61
2024-06-07,1457873.68,7373600.33
2024-06-08,1457873.68,7373600.33
2024-06-09,1457873.68,7373600.33
2024-06-10,1457873.68,7373600.33
2024-06-11,1457873.68,7373600.33
2024-06-12,1457873.68,7373600.33
2024-06-13,1457873.68,7373600.33
2024-06-14,1457873.68,7373600.33
2024-06-15,1457873.68,7373600.33
2024-06-16,1457873.68,7373600.33
2024-06-17,1466805.68,7400396.34
2024-06-18,1363159.17,7089456.8
2024-06-19,1289440.39,6868300.47
2024-06-20,1289440.39,6868300.47
2024-06-21,1280373.72,6841100.47
2024-06-22,1280373.72,6841100.47
2024-06-23,1280373.72,6841100.47
2024-06-24,1262240.39,6786700.47
2024-06-25,1276248.32,6828724.26
2024-06-26,1282466.67,6847379.3
2024-06-27,1256581.61,6769724.14
2024-06-28,1256558.7,6769655.39
2024-06-29,1256558.7,6769655.39
2024-06-30,1256558.7,6769655.39
2024-07-01,1256448.16,6769323.78
2024-07-02,1391181.75,7173524.55
2024-07-03,1369014.12,7107021.67
2024-07-04,1345217.32,7035631.26
2024-07-05,1345217.32,7035631.26
2024-07-06,1345217.32,7035631.26
2024-07-07,1345217.32,7035631.26
2024-07-08,1341325.82,7023956.76
2024-07-09,1210745.07,6632214.51
2024-07-10,1112253.96,6336741.17
2024-07-11,1065471.74,6196394.53
2024-07-12,1057078.3,6171214.21
2024-07-13,1057078.3,6171214.21
2024-07-14,1057078.3,6171214.21
2024-07-15,1038838.77,6116495.61
2024-07-16,1040890.71,6122651.44
2024-07-17,1039531.86,6118574.89
2024-07-18,1039531.86,6118574.89
2024-07-19,1039531.86,6118574.89
2024-07-20,1039531.86,6118574.89
2024-07-21,1039531.86,6118574.89
2024-07-22,1089398.53,6268174.89
2024-07-23,1098465.2,6295374.89
2024-07-24,1098465.2,6295374.89
2024-07-25,1126543.87,6379610.9
2024-07-26,1197830.15,6593469.75
2024-07-27,1197830.15,6593469.75
2024-07-28,1197830.15,6593469.75
2024-07-29,1147342.54,6442006.93
2024-07-30,1147342.54,6442006.93
2024-07-31,1147342.54,6442006.93
2024-08-01,1162452.82,6487337.77
2024-08-02,1168694.74,6506063.51
2024-08-03,1168694.74,6506063.51
2024-08-04,1168694.74,6506063.51
2024-08-05,1113634.35,6340882.36
2024-08-06,1113634.35,6340882.36
2024-08-07,1113634.35,6340882.36
2024-08-08,1077367.69,6232082.36
2024-08-09,1077367.69,6232082.36
2024-08-10,1077367.69,6232082.36
2024-08-11,1077367.69,6232082.36
2024-08-12,1077367.69,6232082.36
2024-08-13,1077367.69,6232082.36
2024-08-14,1119382.57,6358127.0
2024-08-15,1103623.8,6310850.69
2024-08-16,1078171.33,6234493.28
2024-08-17,1078171.33,6234493.28
2024-08-18,1078171.33,6234493.28
2024-08-19,1060997.79,6182972.68
2024-08-20,1044751.83,6134234.78
2024-08-21,1001215.67,6003626.3
2024-08-22,979312.7,5937917.4
2024-08-23,913843.61,5741510.12
2024-08-24,913843.61,5741510.12
2024-08-25,913843.61,5741510.12
2024-08-26,913843.61,5741510.12
2024-08-27,913843.61,5741510.12
2024-08-28,886855.61,5660546.12
2024-08-29,885702.27,5657086.12
2024-08-30,820893.92,5462661.07
2024-08-31,820893.92,5462661.07
2024-09-01,820893.92,5462661.07
2024-09-02,736701.43,5210083.59
2024-09-03,725380.12,5176119.66
2024-09-04,725380.12,5176119.66
2024-09-05,725380.12,5176119.66
2024-09-06,725380.12,5176119.66
2024-09-07,725380.12,5176119.66
2024-09-08,725380.12,5176119.66
2024-09-09,876692.66,5630057.27
2024-09-10,876692.66,5630057.27
2024-09-11,876692.66,5630057.27
2024-09-12,876692.66,5630057.27
2024-09-13,876692.66,5630057.27
2024-09-14,876692.66,5630057.27
2024-09-15,876692.66,5630057.27
2024-09-16,872274.5,5616802.79
2024-09-17,891853.39,5675539.47
2024-09-18,891853.39,5675539.47
2024-09-19,976953.39,5930839.47
2024-09-20,984381.1,5953122.61
2024-09-21,984381.1,5953122.61
2024-09-22,984381.1,5953122.61
2024-09-23,1010553.35,6031639.34
2024-09-24,1019163.62,6057470.15
2024-09-25,1019163.62,6057470.15
2024-09-26,970580.3,5911720.19
2024-09-27,970580.3,5911720.19
2024-09-28,970580.3,5911720.19
2024-09-29,970580.3,5911720.19
2024-09-30,970580.3,5911720.19
2024-10-01,972880.3,5918620.19
2024-10-02,942223.04,5826648.41
2024-10-03,954572.61,5863697.13
2024-10-04,959172.61,5877497.13
2024-10-05,959172.61,5877497.13
2024-10-06,959172.61,5877497.13
2024-10-07,980850.96,5942532.18
2024-10-08,966756.08,5900247.55
2024-10-09,956396.92,5869170.06
2024-10-10,949949.81,5849828.72
2024-10-11,938615.64,5815826.23
2024-10-12,938615.64,5815826.23
2024-10-13,938615.64,5815826.23
2024-10-14,929415.64,5788226.23
2024-10-15,959315.64,5877926.23
2024-10-16,1067415.64,6202226.23
2024-10-17,1089518.44,6268534.61
2024-10-18,1117118.44,6351334.61
2024-10-19,1117118.44,6351334.61
2024-10-20,1117118.44,6351334.61
2024-10-21,1112518.44,6337534.61
2024-10-22,1107416.01,6322227.32
2024-10-23,1094599.59,6283778.08
2024-10-24,1100746.29,6302218.16
2024-10-25,1060535.08,6181584.53
2024-10-26,1060535.08,6181584.53
2024-10-27,1060535.08,6181584.53
2024-10-28,1022276.85,6066809.86
2024-10-29,922021.14,5766042.71
2024-10-30,901816.41,5705428.53
2024-10-31,886896.77,5660669.62
2024-11-01,890915.21,5672724.93
2024-11-02,891631.89,5674874.96
2024-11-03,891631.89,5674874.96
2024-11-04,891631.89,5674874.96
2024-11-05,892277.69,5676812.38
2024-11-06,954765.82,5864276.75
2024-11-07,1008585.06,6025734.49
2024-11-08,1198757.29,6596251.17
2024-11-09,1198757.29,6596251.17
2024-11-10,1198757.29,6596251.17
2024-11-11,1193465.74,6580376.52
2024-11-12,1217597.49,6652771.78
2024-11-13,1231305.06,6693894.49
2024-11-14,1239767.4,6719281.51
2024-11-15,1272231.71,6816674.43
2024-11-16,1272231.71,6816674.43
2024-11-17,1272231.71,6816674.43
2024-11-18,1272231.71,6816674.43
2024-11-19,1119148.86,6357425.89
2024-11-20,1110620.59,6331841.07
2024-11-21,1035856.45,6107548.66
2024-11-22,1026807.55,6080401.94
2024-11-23,1026807.55,6080401.94
2024-11-24,1026807.55,6080401.94
2024-11-25,950924.1,5852751.6
2024-11-26,870424.34,5611252.32
2024-11-27,878153.81,5634440.72
2024-11-28,878153.81,5634440.72
2024-11-29,878153.81,5634440.72
2024-11-30,878153.81,5634440.72
2024-12-01,878153.81,5634440.72
2024-12-02,878153.81,5634440.72
2024-12-03,878678.48,5636014.75
2024-12-04,861701.24,5585083.03
2024-12-05,861701.24,5585083.03
2024-12-06,933234.58,5799683.03
2024-12-07,933234.58,5799683.03
2024-12-08,933234.58,5799683.03
2024-12-09,950501.24,5851483.03
2024-12-10,950501.24,5851483.03
2024-12-11,950501.24,5851483.03
2024-12-12,947659.31,5842957.23
2024-12-13,949029.04,5847066.43
2024-12-14,949029.04,5847066.43
2024-12-15,949029.04,5847066.43
2024-12-16,844540.89,5533601.96
2024-12-17,850980.72,5552921.45
2024-12-18,850980.72,5552921.45
2024-12-19,832527.3,5497561.2
2024-12-20,989664.91,5968974.04
2024-12-21,989664.91,5968974.04
2024-12-22,989664.91,5968974.04
2024-12-23,1043714.4,6131122.49
2024-12-24,1030356.42,6091048.55
2024-12-25,1063047.16,6189120.79
2024-12-26,1079695.48,6239065.73
2024-12-27,1204481.78,6613424.65
2024-12-28,1220112.42,6660316.57
2024-12-29,1220112.42,6660316.57
2024-12-30,1273254.59,6819743.07
2024-12-31,1273254.59,6819743.07
2025-01-01,1273254.59,6819743.07
2025-01-02,1273254.59,6819743.07
2025-01-03,1310754.59,6932243.07
2025-01-04,1310754.59,6932243.07
2025-01-05,1310754.59,6932243.07
2025-01-06,1310754.59,6932243.07
2025-01-07,1310754.59,6932243.07
2025-01-08,1310754.59,6932243.07
2025-01-09,1310754.59,6932243.07
2025-01-10,1310754.59,6932243.07
2025-01-11,1310754.59,6932243.07
2025-01-12,1310754.59,6932243.07
2025-01-13,1310754.59,6932243.07
2025-01-14,1310754.59,6932243.07
2025-01-15,1308396.97,6925170.21
2025-01-16,1359941.65,7079804.25
2025-01-17,1398823.3,7196449.19
2025-01-18,1398823.3,7196449.19
2025-01-19,1398823.3,7196449.19
2025-01-20,1408823.3,7226449.19
2025-01-21,1407775.27,7223305.11
2025-01-22,1407775.27,7223305.11
2025-01-23,1427511.22,7282512.97
2025-01-24,1437511.22,7312512.97
2025-01-25,1437511.22,7312512.97
2025-01-26,1437511.22,7312512.97
2025-01-27,1418895.71,7256666.44
2025-01-28,1418895.71,7256666.44
2025-01-29,1418895.71,7256666.44
2025-01-30,1430356.32,7291048.27
2025-01-31,1430356.32,7291048.27
2025-02-01,1430356.32,7291048.27
2025-02-02,1430356.32,7291048.27
2025-02-03,1430356.32,7291048.27
2025-02-04,1435330.31,7305970.23
2025-02-05,1435330.31,7305970.23
2025-02-06,1458069.89,7374188.97
2025-02-07,1458069.89,7374188.97
2025-02-08,1458069.89,7374188.97
2025-02-09,1458069.89,7374188.97
2025-02-10,1464511.33,7393513.3
2025-02-11,1471289.57,7413848.0
2025-02-12,1573501.94,7720485.12
2025-02-13,1547379.83,7642118.8
2025-02-14,1546869.0,7640586.3
2025-02-15,1546869.0,7640586.3
2025-02-16,1546869.0,7640586.3
2025-02-17,1629886.75,7889639.54
2025-02-18,1644886.75,7934639.54
2025-02-19,1644886.75,7934639.54
2025-02-20,1644886.75,7934639.54
2025-02-21,1669886.75,8009639.54
2025-02-22,1669886.75,8009639.54
2025-02-23,1669886.75,8009639.54
2025-02-24,1671443.26,8014309.08
2025-02-25,1681644.69,8044913.37
2025-02-26,1681644.69,8044913.37
2025-02-27,1660402.47,7981186.72
2025-02-28,1660402.47,7981186.72
2025-03-01,1660402.47,7981186.72
2025-03-02,1660402.47,7981186.72
2025-03-03,1604227.89,7812662.97
2025-03-04,1604227.89,7812662.97
2025-03-05,1644227.89,7932662.97
2025-03-06,1644227.89,7932662.97
2025-03-07,1644227.89,7932662.97
2025-03-08,1644227.89,7932662.97
2025-03-09,1644227.89,7932662.97
2025-03-10,1644227.89,7932662.97
2025-03-11,1676410.09,8029209.56
2025-03-12,1676410.09,8029209.56
2025-03-13,1676410.09,8029209.56
2025-03-14,1678882.86,8036627.88
2025-03-15,1678882.86,8036627.88
2025-03-16,1678882.86,8036627.88
2025-03-17,1693095.09,8079264.58
2025-03-18,1693095.09,8079264.58
2025-03-19,1691493.81,8074460.72
2025-03-20,1731493.81,8194460.72
2025-03-21,1736493.81,8209460.72
2025-03-22,1736493.81,8209460.72
2025-03-23,1736493.81,8209460.72
2025-03-24,1737550.4,8212630.49
2025-03-25,1737550.4,8212630.49
2025-03-26,1793198.98,8379576.25
2025-03-27,1796728.48,8390164.75
2025-03-28,1739531.42,8218573.56
2025-03-29,1739531.42,8218573.56
2025-03-30,1739531.42,8218573.56
2025-03-31,1743496.64,8230469.21
2025-04-01,1728052.08,8184135.55
2025-04-02,1583048.43,7749124.59
2025-04-03,1554615.82,7663826.75
2025-04-04,1502846.67,7508519.31
2025-04-05,1502846.67,7508519.31
2025-04-06,1502846.67,7508519.31
2025-04-07,1430854.36,7292542.38
2025-04-08,1393770.99,7181292.26
2025-04-09,1345169.35,7035487.36
2025-04-10,1345169.35,7035487.36
2025-04-11,1345169.35,7035487.36
2025-04-12,1345169.35,7035487.36
2025-04-13,1345169.35,7035487.36
2025-04-14,1345169.35,7035487.36
2025-04-15,1345169.35,7035487.36
2025-04-16,1345169.35,7035487.36
2025-04-17,1706571.95,8119695.16
2025-04-18,1706571.95,8119695.16
2025-04-19,1706571.95,8119695.16
2025-04-20,1706571.95,8119695.16
2025-04-21,1714614.46,8143822.67
2025-04-22,1713585.49,8140735.78
2025-04-23,1728415.47,8185225.7
2025-04-24,1628889.47,7886647.7
2025-04-25,1647733.05,7943178.44
2025-04-26,1647733.05,7943178.44
2025-04-27,1647733.05,7943178.44
2025-04-28,1650505.63,7951496.18
2025-04-29,1651455.87,7954346.92
2025-04-30,1651455.87,7954346.92
2025-05-01,1651455.87,7954346.92
2025-05-02,1496636.75,7489889.56
2025-05-03,1496636.75,7489889.56
2025-05-04,1496636.75,7489889.56
2025-05-05,1487931.69,7463774.37
2025-05-06,1487931.69,7463774.37
2025-05-07,1487931.69,7463774.37
2025-05-08,1487931.69,7463774.37
2025-05-09,1487931.69,7463774.37
2025-05-10,1487931.69,7463774.37
2025-05-11,1487931.69,7463774.37
2025-05-12,1526706.61,7580099.12
2025-05-13,1527726.69,7583159.37
2025-05-14,1521029.87,7563068.9
2025-05-15,1532228.13,7596663.7
2025-05-16,1532226.4,7596658.5
2025-05-17,1532226.4,7596658.5
2025-05-18,1532226.4,7596658.5
2025-05-19,1533208.19,7599603.88
2025-05-20,1508291.27,7524853.12
2025-05-21,1495603.14,7486788.71
2025-05-22,1457901.13,7373682.68
2025-05-23,1456854.76,7370543.58
2025-05-24,1456854.76,7370543.58
2025-05-25,1456854.76,7370543.58
2025-05-26,1401141.41,7203403.52
2025-05-27,1403386.64,7210139.22
2025-05-28,1484484.84,7453433.83
2025-05-29,1479807.98,7439403.25
2025-05-30,1571988.03,7715943.4
2025-05-31,1571988.03,7715943.4
2025-06-01,1571988.03,7715943.4
2025-06-02,1581927.83,7745762.79
2025-06-03,1636741.35,7910203.35
2025-06-04,1641113.39,7923319.48
2025-06-05,1680142.34,8040406.32
2025-06-06,1680142.34,8040406.32
2025-06-07,1680142.34,8040406.32
2025-06-08,1680142.34,8040406.32
2025-06-09,1680142.34,8040406.32
2025-06-10,1594142.34,7782406.32
2025-06-11,1525270.33,7575790.28
2025-06-12,1525270.33,7575790.28
2025-06-13,1522074.23,7566201.99
2025-06-14,1522074.23,7566201.99
2025-06-15,1522074.23,7566201.99
2025-06-16,1522074.23,7566201.99
2025-06-17,1522074.23,7566201.99
2025-06-18,1522074.23,7566201.99
2025-06-19,1522074.23,7566201.99
2025-06-20,1503187.9,7509543.0
2025-06-21,1503187.9,7509543.0
2025-06-22,1503187.9,7509543.0
2025-06-23,1497454.57,7492343.0
2025-06-24,1497454.57,7492343.0
2025-06-25,1562777.64,7688312.22
2025-06-26,1557435.2,7672284.89
2025-06-27,1562985.29,7688935.17
2025-06-28,1562985.29,7688935.17
2025-06-29,1562985.29,7688935.17
2025-06-30,1699537.57,8098592.0
2025-07-01,1699882.36,8099626.37
2025-07-02,1707587.36,8122741.37
2025-07-03,1705483.33,8116429.29
2025-07-04,1706073.84,8118200.81
2025-07-05,1706073.84,8118200.81
2025-07-06,1706073.84,8118200.81
2025-07-07,1693195.92,8079567.06
2025-07-08,1668705.54,8006095.93
2025-07-09,1664912.14,7994715.73
2025-07-10,1664912.14,7994715.73
2025-07-11,1652230.88,7956671.93
2025-07-12,1652230.88,7956671.93
2025-07-13,1652230.88,7956671.93
2025-07-14,1531830.88,7595471.93
2025-07-15,1610955.75,7832846.55
2025-07-16,1629602.59,7888787.08
2025-07-17,1642051.57,7926134.02
2025-07-18,1672508.61,8017505.14
2025-07-19,1672508.61,8017505.14
2025-07-20,1672508.61,8017505.14
2025-07-21,1695659.76,8086958.59
2025-07-22,1706968.92,8120886.05
2025-07-23,1712184.39,8136532.48
2025-07-24,1712184.39,8136532.48
2025-07-25,1654849.37,7964527.42
2025-07-26,1654849.37,7964527.42
2025-07-27,1654849.37,7964527.42
2025-07-28,1643277.53,7929811.9
2025-07-29,1646293.48,7938859.73
2025-07-30,1597161.34,7791463.31
2025-07-31,1597161.34,7791463.31
2025-08-01,1597161.34,7791463.31
2025-08-02,1597161.34,7791463.31
2025-08-03,1597161.34,7791463.31
2025-08-04,1597161.34,7791463.31
2025-08-05,1626161.34,7878463.31
2025-08-06,1716550.22,8149629.95
2025-08-07,1741872.3,8225596.21
2025-08-08,1770169.02,8310486.37
2025-08-09,1770169.02,8310486.37
2025-08-10,1770169.02,8310486.37
2025-08-11,1770770.95,8312292.14
